date,tmin,tmax,temp,rh,rhmin,rhmax,wind,cod_wc,ra,et0_pmfao56_raxwc
2021-01-07,8.89,31.27,18.899166666666662,50.365833333333335,20.5,78.95,2.6633333333333336,0.99875,43.85605961608738,8.792655422784529
2021-01-08,8.63,30.83,18.0721875,56.09302083333333,18.2,89.63,2.898333333333333,0.9998958333333333,43.80009847035968,8.457303739997407
2021-01-09,6.97,31.02,17.227708333333332,53.662083333333335,12.42,92.02,2.526875,0.989375,43.74077491084773,8.301622185746044
2021-01-10,5.48,31.37,16.9803125,49.00541666666667,10.69,86.26,2.3739583333333334,0.9969791666666666,43.67808903353629,8.480469627537069
2021-01-11,7.22,31.45,18.057604166666668,48.41854166666667,15.9,82.98,2.496875,1.0,43.61204121842225,8.700435375901563
2021-01-12,6.14,31.24,17.183229166666667,50.45166666666666,15.64,84.63,2.5303125,0.9453125,43.542632154725545,8.107520174438688
2021-01-13,6.04,30.27,16.301979166666666,51.22572916666667,17.07,84.09,2.425520833333333,1.0,43.46986286734538,8.204673713978845
2021-01-14,6.19,31.15,16.4821875,51.676875,15.29,84.1,2.567604166666667,0.9991666666666666,43.39373474454754,8.360264733619774
2021-01-15,5.83,31.85,17.326979166666668,49.81822916666667,9.0,93.68,2.5605208333333334,1.0,43.31424956686332,8.586191492412192
2021-01-16,5.65,33.9,18.84375,43.1775,8.25,88.12,2.3389583333333333,1.0,43.231409537176255,9.167709270868631
2021-01-17,8.06,32.76,18.581666666666667,51.079479166666665,15.6,85.61,2.6886458333333336,1.0,43.145217311967514,8.842993494615339
2021-01-18,8.7,32.65,19.2740625,55.49510416666666,20.51,88.7,2.583541666666666,0.9929166666666667,43.05567603368533,8.57774749341731
2021-01-19,9.66,31.23,19.098854166666666,56.54291666666666,24.11,88.96,2.6464583333333334,1.0,42.9627893641986,8.407278670106455
2021-01-20,9.77,32.69,19.698125,53.70989583333333,21.9,86.35,2.552395833333333,0.9492708333333333,42.866561519288965,8.366876507753565
2021-01-21,10.47,32.41,20.07739583333333,56.49458333333333,24.55,87.85,2.707708333333333,0.7194791666666667,42.76699730413018,6.695773730617011
2021-01-22,10.7,33.98,20.13802083333333,58.44739583333333,15.18,94.37,2.545208333333333,0.9704166666666667,42.664102149697406,8.512062957639131
2021-01-23,11.75,35.58,21.31114583333333,53.29270833333334,14.2,85.0,2.332291666666667,1.0,42.557882150043866,9.211919016069865
2021-01-24,10.29,33.86,21.052604166666665,47.81375,15.3,82.88,2.671666666666667,1.0,42.44834410037607,9.253850919760433
2021-01-25,7.81,31.47,17.72,55.176458333333336,14.14,92.62,2.674375,0.9951041666666667,42.33549553585344,8.216385744133104
2021-01-26,7.28,32.09,18.014062499999998,50.012708333333336,14.28,88.41,2.488541666666667,0.7395833333333333,42.21934477103255,6.730310741506376
2021-01-27,4.18,31.78,16.245104166666668,51.4696875,11.45,92.68,2.2796875,0.9184375,42.099900939870786,7.532518250841285
2021-01-28,5.54,32.8,17.362708333333334,46.63947916666667,9.61,84.83,2.2775,0.9427083333333334,41.97717403619926,8.126535419810645
2021-01-29,7.11,31.12,17.066145833333334,52.64427083333334,13.9,89.79,2.513020833333333,0.4972916666666667,41.85117495456971,5.346822380050941
2021-01-30,11.17,28.82,17.789895833333333,66.09645833333333,25.3,93.07,1.668958333333333,0.1283333333333333,41.7219155313752,2.1684110108495815
2021-01-31,11.5,27.49,17.891875,72.12364583333333,35.2,97.1,2.098958333333333,0.6357291666666667,41.58940858614093,4.773232637005761
2021-02-01,10.24,28.32,17.753541666666667,68.035625,26.9,96.0,1.9695833333333328,0.5673958333333334,41.453667962876274,4.563363937068556
2021-02-02,10.08,27.45,17.205625,70.49895833333333,25.39,96.47,2.19375,0.5992708333333334,41.31470857137676,4.573408845205257
2021-02-03,11.96,32.87,20.72052083333333,58.31666666666666,18.88,94.71,1.8744791666666665,0.901875,41.17254642836024,7.451443829964216
2021-02-04,16.46,35.01,24.007604166666667,37.0821875,11.92,61.73,2.11625,0.8003125,41.027198698319616,7.995788028510011
2021-02-05,14.79,31.64,21.836145833333333,52.2546875,26.28,79.16,2.347916666666667,0.9346875,40.87868373397143,8.067597481953321
2021-02-06,13.79,29.76,19.28625,68.72979166666667,30.62,94.1,2.510104166666667,0.9166666666666666,40.72702111617817,6.895125087779131
2021-02-07,11.08,28.12,17.722083333333334,70.61895833333334,37.9,93.84,2.3354166666666667,0.785,40.57223169322009,5.533172615334246
2021-02-08,11.86,29.61,19.07,64.093125,33.44,89.77,2.091041666666667,0.9953125,40.414337619291665,7.422769743685601
2021-02-09,13.6,31.02,20.913229166666667,58.21625,28.5,82.81,2.1339583333333336,1.0,40.25336239209747,7.979711065759092
2021-02-10,13.58,31.46,20.421458333333334,62.91364583333333,25.1,92.17,2.245,0.9829166666666667,40.08933088942139,7.699034658798127
2021-02-11,13.63,29.82,19.403020833333333,69.41895833333334,33.2,94.9,2.57125,0.8409375,39.92226940454459,6.241167879542403
2021-02-12,12.33,30.09,18.41895833333333,72.47708333333334,32.4,95.1,2.3065625,0.61,39.75220568038767,4.719823068212104
2021-02-13,12.1,29.36,18.283854166666668,68.425625,31.64,96.31,2.395,0.77125,39.57916894225448,5.5829898405841
2021-02-14,11.19,28.97,17.653020833333333,65.14666666666666,29.0,94.64,2.2278125,0.7402083333333334,39.40318992905659,5.392822611102128
2021-02-15,11.09,30.26,18.76333333333333,53.09072916666667,24.76,85.69,2.14875,1.0,39.224300922899964,7.664120666323386
2021-02-16,10.34,28.82,17.007916666666667,61.705104166666665,23.2,90.46,2.3485416666666667,1.0,39.04253577691832,7.061026218091609
2021-02-17,9.25,27.5,16.188229166666666,66.24239583333333,29.9,94.12,2.0740625,0.91625,38.8579299412408,6.067227560899575
2021-02-18,9.49,27.45,16.065104166666668,66.32416666666667,26.31,94.98,2.0871875,0.9259375,38.67052048698532,6.092314679362263
2021-02-19,9.35,29.09,17.9090625,55.56041666666667,20.4,93.11,1.951875,0.9932291666666667,38.4803461281734,7.098714974015243
2021-02-20,10.84,29.3,18.640625,47.65604166666666,20.1,74.31,2.151145833333333,1.0,38.287447241466715,7.554641274589904
2021-02-21,8.85,27.65,16.096770833333334,58.70135416666667,17.87,89.3,2.263541666666667,1.0,38.09186588363036,6.765834636854046
2021-02-22,8.61,28.36,16.8790625,55.3346875,19.29,91.05,1.940416666666667,0.9498958333333334,37.89364580663381,6.560460107571034
2021-02-23,10.3,31.75,19.386041666666667,48.384791666666665,14.5,78.9,1.9045833333333333,0.99875,37.69283247030561,7.611502966802554
2021-02-24,12.07,32.45,19.9221875,50.982708333333335,16.8,87.84,2.0438541666666667,1.0,37.489473052464255,7.750699806014941
2021-02-25,12.45,32.74,19.429895833333333,63.53395833333334,19.0,92.2,2.1723958333333333,0.9914583333333333,37.28361645645403,7.2622303152513545
2021-02-26,12.39,29.81,18.539791666666662,68.46989583333333,31.1,94.81,2.291041666666666,0.9769791666666666,37.07531331602105,6.592678277546009
2021-02-27,10.72,31.65,18.675416666666667,63.88239583333333,23.2,94.54,2.345625,0.9663541666666666,36.86461599747188,6.8356545651335425
2021-02-28,10.01,32.53,18.47791666666667,61.42041666666666,17.8,94.2,2.188645833333333,0.9829166666666667,36.65157859906388,7.031201092244414
2021-03-01,9.43,32.91,18.324270833333333,60.59072916666667,16.5,95.4,2.1845833333333333,0.9654166666666667,36.43625694758412,6.939496620104046
2021-03-02,12.02,29.75,19.101979166666663,64.34552083333334,29.94,90.7,2.174583333333333,0.8823958333333334,36.218708592080816,6.006968450892748
2021-03-03,13.32,31.5,20.26,60.21416666666667,23.28,88.55,2.0109375000000003,0.7955208333333333,35.99899279471923,5.766416960116999
2021-03-04,13.06,33.04,21.049166666666668,56.970104166666665,20.83,88.7,2.028020833333333,0.9927083333333333,35.7771705187413,7.3332991737123505
2021-03-05,12.47,29.95,18.73770833333333,65.03364583333332,28.7,91.13,2.306666666666666,0.8742708333333333,35.553304413516585,5.884586582617143
2021-03-06,11.41,28.93,17.5621875,69.25947916666667,30.23,95.3,2.011979166666667,0.3514583333333333,35.32745879667938,3.1731193307813554
2021-03-07,12.21,31.83,19.74020833333333,57.763125,22.02,88.5,1.8389583333333333,0.9832291666666667,35.0996996333556,6.8162733643244025
2021-03-08,14.7,33.6,22.26708333333333,46.192395833333336,17.5,75.35,1.8941666666666668,1.0,34.870094512489985,7.645741964802884
2021-03-09,13.54,32.26,20.62020833333333,40.81822916666667,12.62,70.3,2.0634375,0.7789583333333333,34.63871262029299,6.245327570455824
2021-03-10,12.63,30.49,19.43302083333333,48.99104166666667,17.1,87.24,2.1177083333333333,0.5205208333333334,34.40562471083385,4.781010371395746
2021-03-11,9.35,28.43,17.16375,61.94864583333333,24.34,90.96,1.9451041666666664,0.9807291666666667,34.170903073814536,5.984291947193142
2021-03-12,9.93,28.65,17.25947916666667,51.46510416666666,21.63,78.3,1.836875,0.8359375,33.93462149956686,5.417051764179247
2021-03-13,10.06,27.58,16.486979166666668,66.50395833333333,27.8,92.11,1.99375,0.9996875,33.69685524132241,5.781458751339949
2021-03-14,9.45,26.41,15.611770833333331,73.3384375,32.0,95.95,1.9533333333333327,0.6865625,33.45768097481245,3.799325883137503
2021-03-15,10.47,26.52,16.084374999999998,73.94802083333333,36.9,95.9,2.255520833333333,0.6133333333333335,33.217176755262265,3.613630209497062
2021-03-16,9.53,25.09,15.288854166666669,73.10510416666666,31.54,96.95,1.681875,0.5222916666666666,32.97542197185116,3.071213185370609
2021-03-17,8.32,27.31,15.3603125,67.1996875,27.3,95.7,1.6713541666666665,0.8347916666666667,32.73249729971636,4.50627189867777
2021-03-18,9.18,25.97,15.208333333333334,68.00031249999999,27.87,96.01,2.1398958333333336,0.9891666666666666,32.488484649585494,5.262467489736626
2021-03-19,7.46,24.9,14.0628125,73.1190625,32.46,95.76,1.6565625,0.8376041666666667,32.243467115128574,4.048125148313709
2021-03-20,8.59,23.23,14.152916666666668,71.7921875,37.47,92.9,2.0223958333333334,0.25135416666666677,31.997528918126434,2.19514188405995
2021-03-21,7.35,27.22,15.5028125,66.0459375,26.21,93.0,1.7329166666666669,0.7926041666666668,31.750755351558368,4.17503995874047
2021-03-22,9.03,28.04,16.827083333333334,55.52583333333334,18.43,91.94,1.7623958333333334,0.9923958333333334,31.503232720716877,5.6622591752685345
2021-03-23,9.49,28.66,16.8859375,55.3559375,20.0,88.31,1.83,0.9995833333333334,31.255048282462905,5.76935696788116
2021-03-24,9.18,27.89,15.648229166666669,64.92052083333333,23.1,96.07,1.9759375,0.9251041666666666,31.006290182738933,4.964987691971503
2021-03-25,8.13,26.68,15.3990625,62.92104166666667,22.3,93.7,1.836875,0.975625,30.757047392462624,5.060223866359661
2021-03-26,7.22,27.28,15.215104166666668,60.981458333333336,18.62,94.34,1.6273958333333332,0.8857291666666667,30.507409641926817,4.571511998802149
2021-03-27,8.97,29.15,16.8325,51.95625,16.88,87.97,1.5976041666666667,0.9439583333333333,30.257467353835857,5.310844572030408
2021-03-28,8.2,28.5,16.410729166666666,52.700625,19.4,81.48,1.6564583333333334,0.9765625,30.00731157511122,5.356147377678134
2021-03-29,11.1,30.34,19.641458333333333,38.01927083333333,13.26,69.0,1.6658333333333333,0.95375,29.757033907602434,5.879833549406821
2021-03-30,13.37,29.86,19.79625,43.954791666666665,16.7,70.4,1.7740625,0.9509375,29.5067264378414,5.806116595965267
2021-03-31,12.72,29.17,18.982291666666665,50.60270833333333,20.6,82.3,1.7934374999999998,0.6819791666666667,29.256481665980825,4.293136103285758
2021-04-01,11.77,27.45,17.465416666666666,62.7815625,29.6,85.12,1.7682291666666667,0.8396875,29.006392434058565,4.328517100646847
2021-04-02,11.89,28.37,17.724479166666665,60.75927083333334,23.97,86.8,1.7661458333333335,0.6976041666666667,28.756551853731327,3.8679900561670904
2021-04-03,12.6,28.92,18.1461,61.016000000000005,24.9,87.9,1.6754,0.9035,28.507053233621747,4.747721701903475
2021-04-04,10.78,26.57,16.167604166666667,68.19208333333333,27.91,95.95,2.1133333333333333,0.6260416666666666,28.25799000642363,3.3482725234307993
2021-04-05,10.49,27.35,17.094270833333333,49.58041666666667,12.35,89.9,1.665625,0.49291666666666667,28.00945565590975,3.4333002552495717
2021-04-06,11.09,28.08,18.506875,48.275416666666665,21.57,83.12,1.6585416666666666,0.6452083333333334,27.761543643986805,3.8324264624562714
2021-04-07,11.19,25.37,16.328229166666667,55.141875,22.26,88.8,1.899166666666667,0.5064583333333335,27.514347337940727,3.2762562706947573
2021-04-08,11.19,26.14,16.738125,52.89906250000001,26.0,79.1,1.7635416666666666,0.8416666666666667,27.267959938015036,4.202308530908134
2021-04-09,10.27,25.76,16.049583333333334,51.290625,20.56,87.1,1.6266666666666667,0.9134375,27.022474405463075,4.386138299040047
2021-04-10,9.49,26.28,15.285104166666663,60.1828125,17.16,95.36,1.645625,0.8901041666666667,26.777983391213038,4.046621598974651
2021-04-11,12.33,30.21,19.261875,26.802916666666665,7.8,51.9,1.4991666666666663,0.9884375,26.534579165282718,5.549363528819887
2021-04-12,13.76,31.4,20.159895833333334,28.5671875,8.63,74.4,1.6515625,0.9890625,26.292353547078083,5.849771014277614
2021-04-13,15.29,31.78,21.71302083333333,33.115,11.1,63.15,1.6682291666666669,0.801875,26.051397836706833,4.859790337849669
2021-04-14,14.01,29.02,20.1128125,45.653125,20.3,83.4,1.58,0.4832291666666666,25.811802747435102,3.4406153919691636
2021-04-15,13.36,29.83,19.21989583333333,54.10822916666667,18.71,82.08,1.4622916666666663,0.8555208333333333,25.573658339411256,4.197215623753521
2021-04-16,11.96,28.76,18.583541666666665,48.14614583333333,18.85,78.94,1.5645833333333332,0.9898958333333333,25.33705395477761,4.837793501159146
2021-04-17,12.6,26.77,17.95625,47.01614583333333,21.83,70.8,1.3854166666666667,0.4329166666666666,25.102078154285927,2.915652747001304
2021-04-18,11.89,26.84,17.5190625,50.43687500000001,25.12,74.3,1.5664583333333333,0.5478125,24.86881865552847,3.146719182515638
2021-04-19,11.67,25.43,16.848333333333333,49.40885416666666,24.1,76.7,1.4432291666666668,0.37083333333333346,24.63736227289156,2.672022276876948
2021-04-20,11.94,24.72,16.704270833333332,61.254895833333336,29.03,91.64,1.618125,0.2880208333333333,24.407794859333336,2.2637757656662605
2021-04-21,10.09,26.15,15.87375,60.615208333333335,20.55,95.52,1.4880208333333331,0.5304166666666666,24.180201250082224,2.657920468125048
2021-04-22,10.41,23.77,15.8525,57.79677083333333,25.77,87.82,1.4917708333333335,0.3469791666666667,23.95466520834728,2.2834747581434396
2021-04-23,6.74,20.42,12.8390625,61.462604166666665,32.27,91.38,1.2311458333333334,0.6698958333333334,23.731269373125397,2.2806803573509793
2021-04-24,8.64,24.31,14.96875,51.341770833333335,20.19,82.2,1.4083333333333332,0.8598958333333333,23.51009520918475,3.32288466294668
2021-04-25,10.9,25.39,16.210520833333334,45.463125,16.65,67.4,1.3995833333333334,1.0,23.29122295929755,4.103270213160655
2021-04-26,12.95,27.38,18.598229166666663,28.84552083333333,12.17,72.6,1.5013541666666663,0.94375,23.074731598788794,4.426714170537027
2021-04-27,12.4,26.95,17.83875,46.4365625,18.28,74.7,1.4776041666666666,1.0,22.860698792461353,4.252915812042029
2021-04-28,13.14,28.51,19.392916666666668,32.9078125,15.34,52.49,1.3560416666666668,0.9498958333333334,22.64920085395083,4.253779563914735
2021-04-29,13.63,27.57,19.30989583333333,29.823958333333334,14.3,53.38,1.340833333333333,0.8049999999999999,22.44031270755708,3.552781072273806
2021-04-30,11.11,25.23,16.433645833333333,48.76010416666667,21.4,82.91,1.6055208333333333,0.11822916666666672,22.234107852592196,2.0661903579961876
2021-05-01,9.85,19.79,13.379479166666668,70.76541666666667,38.68,95.1,1.52125,0.07374999999999998,22.03065833027782,0.9858467402997496
2021-05-02,8.26,21.67,14.916458333333331,59.94760416666667,31.1,88.68,1.5478125,0.21291666666666675,21.83003469321745,1.7957856829540644
2021-05-03,9.72,17.23,12.141979166666667,77.76406250000001,46.36,97.21,1.78125,0.14479166666666676,21.63230597746237,1.0495959219468718
2021-05-04,8.27,19.08,12.175833333333337,68.32114583333333,32.1,93.3,1.5733333333333333,0.4279166666666666,21.437539677182357,1.7524107880629742
2021-05-05,8.25,19.66,12.110833333333334,72.7421875,37.01,94.2,1.4826041666666667,0.41666666666666663,21.24580172194526,1.6132611918492623
2021-05-06,8.62,20.95,12.896875,69.535625,40.37,90.83,1.3261458333333334,0.4007291666666667,21.05715645660202,1.6581212026865018
2021-05-07,9.77,21.85,14.216145833333334,65.80166666666666,37.6,88.7,1.5678124999999998,0.3458333333333333,20.87166662376649,1.8352513527602121
2021-05-08,9.46,19.57,13.228854166666666,67.34770833333333,39.03,89.0,1.1692708333333333,0.3884375,20.689393348872052,1.5687978439509593
2021-05-09,8.96,20.56,13.33375,64.89041666666667,34.9,89.5,1.1053125,0.15718750000000004,20.510396127779657,1.2016365303924281
2021-05-10,7.77,20.37,13.914791666666666,59.24989583333333,36.8,79.1,1.1128125,0.03979166666666689,20.33473281690483,0.8743831539191419
2021-05-11,8.49,22.6,13.404895833333333,45.412708333333335,19.2,68.05,1.0733333333333337,0.7241666666666667,20.162459625823697,2.19957315347348
2021-05-12,9.78,24.04,15.629479166666668,36.49885416666667,16.3,67.63,1.1888541666666663,0.7242708333333333,19.99363111231122,2.475322528072262
2021-05-13,10.3,25.73,16.7275,38.39833333333333,17.08,56.51,1.264895833333333,0.6615625,19.82830017975773,2.5872157549223846
2021-05-14,11.51,25.03,17.742291666666667,36.0865625,17.87,55.0,0.9788541666666668,0.3275,19.666518076902783,2.0983194201121584
2021-05-15,11.51,25.05,17.2075,43.8828125,25.91,58.97,1.1483333333333332,0.49854166666666666,19.508334399818875,2.232384235562029
2021-05-16,12.31,24.12,17.08625,40.657291666666666,24.16,59.4,1.0230208333333333,0.2852083333333333,19.3537970960708,2.0175848998734143
2021-05-17,12.55,26.8,18.291979166666668,40.82260416666667,18.49,55.99,1.0340625,0.28625,19.202952470969972,2.1378106670958212
2021-05-18,11.45,22.81,15.208958333333332,49.81052083333333,25.5,70.56,1.0648958333333334,0.023333333333333095,19.055845195836937,1.1005513244877982
2021-05-19,9.48,20.12,13.943229166666669,43.231770833333336,24.34,66.86,1.0391666666666668,0.07052083333333314,18.912518318179348,1.2389886192685513
2021-05-20,6.27,19.29,11.2578125,67.9003125,26.67,93.44,1.6914583333333333,0.360625,18.77301327368691,1.566319787854244
2021-05-21,5.54,16.96,11.356041666666668,70.23083333333334,41.1,93.47,1.1496875,0.5473958333333334,18.63736989993936,1.3378353526425495
2021-05-22,6.24,17.77,11.544166666666667,55.49,31.32,84.7,0.9371875,0.5239583333333334,18.50562645171855,1.449091315332994
2021-05-23,8.47,21.41,13.667916666666663,40.231145833333336,16.0,65.1,1.1516666666666666,0.2472916666666667,18.377819617810847,1.939632418690056
2021-05-24,7.8,21.85,13.85875,32.58739583333333,16.85,52.2,1.1473958333333334,0.931875,18.25398453918164,2.6379919777346954
2021-05-25,10.15,23.24,15.267395833333332,30.696875,16.17,41.0,1.231875,0.9994791666666667,18.134154828399794,3.0731709344196427
2021-05-26,9.76,21.91,15.018854166666666,42.157916666666665,21.0,65.7,1.2376041666666666,0.7338541666666667,18.018362590186193,2.074956186625023
2021-05-27,10.63,22.57,14.733645833333334,51.1528125,25.1,83.9,1.3521875,0.546875,17.906638442957483,2.0320739063387623
2021-05-28,10.95,18.3,13.523333333333332,74.08520833333334,51.2,97.0,1.3819791666666663,0.06104166666666688,17.799011541233167,0.7335403544378375
2021-05-29,6.67,14.92,11.135,76.53281249999999,45.09,95.65,1.2183333333333333,0.10260416666666672,17.69550959877231,0.645083838329874
2021-05-30,7.57,23.58,14.865833333333336,48.24895833333333,18.8,88.44,1.2517708333333333,0.5558333333333334,17.596158912304027,1.9636695669598405
2021-05-31,8.08,21.02,13.5540625,52.274166666666666,29.3,84.32,1.0540625,0.4638541666666667,17.50098438571509,1.6115031924746963
2021-06-01,9.77,19.92,14.6846875,57.14781249999999,30.66,86.49,1.2815625,0.2986458333333333,17.41000955455702,1.5858071397443045
2021-06-02,10.43,21.84,15.778645833333334,58.035625,36.9,75.28,1.0186458333333337,0.27427083333333324,17.323256610735168,1.4642808018634506
2021-06-03,11.96,24.62,16.827291666666667,63.504895833333336,32.9,92.6,1.3941666666666668,0.43625,17.240746427242645,1.7829417386089812
2021-06-04,10.83,22.89,15.081041666666666,62.817708333333336,29.21,90.5,1.281979166666667,0.28312499999999996,17.162498582803057,1.580119214842354
2021-06-05,8.75,19.43,12.2159375,72.61114583333334,31.8,97.42,1.1467708333333333,0.19104166666666667,17.088531386287734,1.0425100992166967
2021-06-06,10.53,21.25,14.481666666666667,50.2071875,20.2,80.35,0.9855208333333332,0.11781249999999999,17.018861900775242,1.2326470478293863
2021-06-07,7.96,18.63,12.092916666666667,69.32479166666667,44.79,87.75,0.9885416666666668,0.06552083333333314,16.953505967123995,0.658336800036594
2021-06-08,8.44,19.66,12.586979166666666,57.884375,37.78,79.56,1.3245833333333332,0.10385416666666669,16.892478226932162,1.2141165142031491
2021-06-09,9.3,20.47,13.797083333333331,50.19114583333334,32.99,88.7,1.1877083333333334,0.2952083333333333,16.835792144763012,1.6692150030150412
2021-06-10,8.92,21.58,13.971041666666666,54.09135416666666,20.83,87.62,1.5859375,0.4742708333333334,16.783460029518697,1.9243729873672915
2021-06-11,10.25,22.08,15.438333333333333,37.001875,19.66,50.8,1.2326041666666667,0.6285416666666667,16.735493054850483,1.996490025677884
2021-06-12,11.18,21.54,15.126979166666668,48.49302083333333,29.06,77.3,0.931875,0.040000000000000036,16.6919012784992,0.9866628985951269
2021-06-13,10.09,21.69,14.65625,52.03520833333334,27.26,81.76,1.1426041666666666,0.5317708333333334,16.6526936604661,1.677919128276255
2021-06-14,9.86,22.21,14.7121875,48.66343749999999,27.5,67.02,0.8360416666666667,0.375625,16.617878079920875,1.4765656981734059
2021-06-15,10.39,23.91,15.614166666666668,38.86385416666666,19.69,59.51,1.4567708333333331,0.578125,16.587461350761064,2.3093798323954173
2021-06-16,8.94,17.01,12.504583333333334,67.69114583333334,35.76,94.6,1.4321875000000002,0.08031250000000001,16.561449235744576,0.8903101253561246
2021-06-17,7.81,17.69,11.8171875,73.28635416666667,46.24,93.9,1.0827083333333334,0.37124999999999997,16.53984645912528,1.0841883155913083
2021-06-18,6.88,16.84,10.68875,80.01697916666667,51.43,98.57,0.9294791666666667,0.5904166666666666,16.522656717730005,0.9885686752091125
2021-06-19,8.08,17.81,11.794583333333334,69.57479166666667,40.9,89.61,0.8777083333333334,0.07093749999999999,16.50988269042417,0.5991377247265228
2021-06-20,6.2,17.95,10.9428125,70.31895833333333,39.6,91.8,1.1560416666666666,0.6095833333333334,16.50152604592202,1.211917046197585
2021-06-21,6.48,16.05,10.8578125,74.68958333333333,46.5,97.77,1.058125,0.5265625,16.497587448907208,1.0432516370299962
2021-06-22,6.81,16.25,10.651666666666666,68.2859375,42.2,92.6,1.1490625,0.03760416666666688,16.49806656443842,0.6236846510223583
2021-06-23,7.37,13.38,9.975,70.5896875,36.14,97.1,1.3052083333333333,0.013541666666666896,16.502962060624665,0.535852045703352
2021-06-24,6.92,16.63,11.065625,65.64552083333334,40.3,91.34,1.1571875,0.16104166666666675,16.512271609564174,0.9985539812644091
2021-06-25,6.92,18.35,11.8828125,53.814166666666665,23.9,89.34,1.0222916666666666,0.3103125,16.525991886550948,1.3677915916760444
2021-06-26,3.26,14.96,8.522604166666666,71.67854166666667,40.6,94.9,1.0769791666666666,0.6082291666666666,16.544118567562066,1.040917786461646
2021-06-27,2.47,17.17,7.322500000000001,61.0259375,21.21,86.98,1.0644791666666666,0.7488541666666667,16.56664632504884,1.2652592418273203
2021-06-28,2.43,19.56,9.548333333333334,29.5084375,12.56,85.4,1.5233333333333334,1.0,16.59356882206411,2.745721383885102
2021-06-29,5.06,17.63,9.963333333333331,67.27989583333333,32.64,97.57,1.1840625,0.9572916666666667,16.62487870476707,1.785691834363305
2021-06-30,6.1,21.08,11.955416666666666,50.47427083333333,20.69,87.26,1.0091666666666663,0.1511458333333333,16.66056759335616,1.3020066694176653
2021-07-01,6.1,15.16,10.347083333333334,55.27270833333333,32.0,91.85,0.8198958333333333,0.09999999999999998,16.700626071489047,0.7839690516326377
2021-07-02,5.83,13.22,8.955729166666666,72.11760416666667,43.98,93.7,1.1969791666666667,0.015104166666666807,16.74504367425711,0.4652585850490256
2021-07-03,6.72,20.2,12.357708333333331,48.9428125,21.7,86.6,1.2801041666666666,0.13906249999999998,16.793808874789697,1.4753249339065673
2021-07-04,4.43,18.22,11.118125,60.86208333333334,33.4,99.5,1.0641666666666667,0.7306250000000001,16.846909069571158,1.3472354615874536
2021-07-05,5.77,20.25,11.304270833333334,57.40229166666666,27.56,89.5,1.5266666666666666,0.9339583333333333,16.9043305625604,2.2240548812829637
2021-07-06,4.46,19.01,10.656666666666666,63.58083333333334,27.9,97.1,1.171875,0.8126041666666667,16.966058548209542,1.5605379110650035
2021-07-07,4.98,17.61,10.5146875,62.54604166666667,35.6,93.0,1.3055208333333332,0.9409375,17.032077093484304,1.9176768820840127
2021-07-08,6.57,19.14,11.529375,56.9821875,30.98,79.8,1.216041666666667,0.8635416666666667,17.102369118994158,1.866751484705131
2021-07-09,6.69,21.98,12.308020833333332,54.96395833333333,20.47,78.6,1.0453125,0.573125,17.1769163793453,1.6034173887567595
2021-07-10,6.67,19.24,11.711979166666666,56.014375,28.17,74.21,1.2232291666666668,0.5596875,17.255699442834175,1.5813023740220165
2021-07-11,6.81,20.9,12.258229166666666,50.39114583333333,19.89,86.77,1.5436458333333334,0.7828125,17.338697670602656,2.088427754191616
2021-07-12,5.98,17.16,10.317604166666667,69.90083333333332,39.8,98.85,1.17125,0.29000000000000004,17.425889195379614,1.1556662483068365
2021-07-13,4.33,15.85,8.732604166666667,81.38260416666667,45.99,97.5,1.2248958333333333,0.8341666666666667,17.51725089993618,1.3167737099094057
2021-07-14,3.19,14.53,8.118229166666667,76.79041666666667,43.5,94.51,1.2053125,0.9079166666666667,17.61275839538386,1.5146112292465552
2021-07-15,4.47,14.28,8.41,71.92135416666666,42.86,93.65,1.05125,0.6477083333333333,17.712385999446482,1.1447871880928795
2021-07-16,5.85,20.75,10.71375,41.990520833333335,16.58,61.94,1.2436458333333331,0.53125,17.816106714837606,1.9717185726966124
2021-07-17,3.76,17.78,9.752395833333331,51.86781250000001,29.33,89.8,1.3127083333333334,0.25031250000000005,17.923892207875394,1.5807076130065685
2021-07-18,5.12,23.45,13.2159375,29.89708333333333,10.95,66.1,1.7966666666666666,0.8351041666666666,18.035712787466803,3.09289748137899
2021-07-19,6.65,23.65,14.432708333333332,25.95083333333333,12.05,49.97,1.4434375,0.7114583333333333,18.151537384592192,2.594496097647216
2021-07-20,8.5,24.38,14.873854166666668,29.60739583333333,14.72,47.4,1.329375,0.30937499999999996,18.271333532419877,2.5335801486817706
2021-07-21,9.63,21.14,13.967916666666667,40.481875,22.26,63.0,0.910625,0.021145833333333197,18.395067347178884,1.0478952249084605
2021-07-22,9.49,25.77,15.180520833333333,36.96125,14.33,61.92,1.3694791666666666,0.056666666666666865,18.52270350991539,1.9801547517252018
2021-07-23,7.11,19.19,12.0478125,53.8071875,27.4,82.4,1.5603125,0.4370833333333334,18.65420524925575,1.8931262301853253
2021-07-24,4.57,14.68,9.200520833333334,72.9909375,45.7,98.53,1.5990624999999998,0.4248958333333335,18.78953432529608,1.2634872973863913
2021-07-25,3.73,13.94,7.156458333333333,78.28020833333333,42.67,95.4,1.5112500000000002,0.528125,18.92865101473438,1.1599566398322532
2021-07-26,1.75,17.36,7.825937499999999,60.5378125,25.7,88.4,1.141354166666667,0.9677083333333334,19.071514097357554,2.137885042395599
2021-07-27,4.46,18.81,10.095104166666667,46.72333333333333,23.88,78.91,1.2546875,0.9029166666666667,19.218080843991167,2.3708693823344276
2021-07-28,4.58,20.67,11.2490625,40.32083333333333,17.03,66.02,1.0934375,0.9914583333333333,19.368307006015147,2.7392335150529967
2021-07-29,5.76,23.53,12.8134375,31.22364583333333,14.31,55.66,1.4429166666666668,1.0,19.522146806543805,3.4628116244301292
2021-07-30,4.49,20.45,10.874791666666669,51.00541666666667,19.89,90.89,1.2498958333333332,0.8920833333333333,19.67955293336311,2.4358491125784028
2021-07-31,5.68,18.65,10.515208333333334,54.47125,29.0,79.25,1.0859375,0.40270833333333345,19.84047653371267,1.6193858442282076
2021-08-01,7.36,23.96,14.715000000000002,36.958125,15.41,60.68,1.39875,0.9983333333333333,20.00486721099456,3.4535220079506463
2021-08-02,10.16,25.58,16.421145833333334,37.17614583333333,17.25,71.88,1.2032291666666668,1.0,20.172673023484183,3.4947652139310605
2021-08-03,11.32,26.71,17.758333333333333,27.82520833333333,12.43,40.5,1.279375,0.8167708333333333,20.34384048511363,3.1334079003851594
2021-08-04,11.31,28.57,17.624583333333334,30.746770833333333,10.95,54.87,1.5477083333333337,0.7505208333333333,20.518314568390394,3.440974554067427
2021-08-05,10.55,26.95,16.114479166666666,42.84291666666667,14.35,80.38,1.4463541666666666,0.49031250000000004,20.696038709508702,2.79646327225918
2021-08-06,7.71,24.81,15.378749999999998,49.364375,24.98,86.0,1.3475,0.36083333333333345,20.87695481570386,2.2337474946934814
2021-08-07,8.01,23.62,13.439583333333331,53.453125,31.3,71.8,1.2851041666666667,0.8926041666666666,21.061003274893388,2.90173777211428
2021-08-08,4.39,20.58,10.865520833333331,59.93302083333333,26.29,94.32,1.9151041666666664,0.5967708333333335,21.24812296764207,2.2499912285446104
2021-08-09,3.75,18.06,8.323645833333334,78.07260416666666,42.0,96.68,1.4682291666666665,0.7736458333333334,21.43825128148121,1.73866176095612
2021-08-10,3.34,19.42,10.266458333333334,62.51416666666666,27.26,94.0,1.1961458333333332,0.8420833333333333,21.631324127605538,2.260980237610609
2021-08-11,6.98,20.19,12.130625,52.6153125,26.6,81.72,1.3876041666666667,0.5385416666666667,21.827275959964467,2.176174347727942
2021-08-12,5.9,20.49,11.309895833333334,56.673541666666665,26.12,86.85,1.1798958333333334,0.8934375,22.026039796757352,2.677582436634878
2021-08-13,7.01,23.5,13.767291666666669,45.437291666666674,15.99,81.48,1.3101041666666666,0.7719791666666667,22.227547244335817,2.745404981249263
2021-08-14,6.67,19.53,12.284479166666666,55.5634375,24.05,90.66,1.4520833333333334,0.04927083333333315,22.43172852350921,1.2101147312868819
2021-08-15,5.51,17.66,10.570729166666666,69.45270833333333,43.5,97.48,1.1313541666666669,0.09052083333333316,22.63851249824231,0.8346671325144366
2021-08-16,7.9,16.67,11.3271875,68.53760416666667,43.41,87.08,1.5357291666666668,0.004583333333333162,22.847826706728213,0.7223225162467701
2021-08-17,7.81,18.51,12.79125,66.28645833333333,39.4,93.77,1.0290625,0.0024999999999999467,23.059597394811977,0.539739287187371
2021-08-18,9.3,19.17,12.544791666666669,80.88770833333334,43.61,98.7,1.2307291666666669,0.04437500000000005,23.27374955173442,0.529719810643738
2021-08-19,6.0,12.2,9.850416666666666,91.04916666666666,74.5,97.9,1.6004166666666666,0.028854166666666847,23.490206948159138,0.224829323776987
2021-08-20,4.29,16.13,8.251041666666667,74.49229166666667,31.6,94.48,1.6013541666666666,0.49364583333333345,23.70889217643866,1.6353808818353461
2021-08-21,2.74,20.05,9.097291666666669,59.837812500000005,26.98,96.45,1.3667708333333335,0.48864583333333345,23.929726693070485,2.0392954366353147
2021-08-22,7.62,19.73,12.5815625,60.04541666666666,32.93,96.82,1.4617708333333337,0.008541666666666892,24.152630863286493,0.9840619631591974
2021-08-23,6.11,14.91,9.326145833333332,79.82187499999999,47.81,99.2,1.7753125,0.02072916666666691,24.37752400771404,0.5374025406934774
2021-08-24,2.32,10.97,5.589166666666667,77.81677083333334,44.9,94.48,1.389375,0.28270833333333334,24.604324451040966,1.1276995863105228
2021-08-25,3.26,14.51,7.6446875,74.3209375,42.61,93.8,1.3365625,0.5526041666666666,24.832949572610648,1.6723620493462965
2021-08-26,3.39,15.95,7.603854166666667,77.74166666666666,39.59,95.06,1.4061458333333334,0.3571875,25.063315858868528,1.3988309470226687
2021-08-27,3.72,20.18,10.251458333333334,54.96625,22.06,83.99,1.5460416666666663,0.7027083333333333,25.295338957575712,2.657822107926184
2021-08-28,5.75,17.9,11.1665625,62.58802083333333,37.6,90.0,1.1791666666666667,0.004375000000000018,25.528933733699994,0.6883353738187231
2021-08-29,5.55,21.17,12.520625,64.45541666666666,31.86,93.02,1.3730208333333334,0.509375,25.764014326890564,2.2367845242201794
2021-08-30,10.0,24.61,15.713541666666666,66.2621875,33.81,88.5,1.3568749999999998,0.694375,26.00049421043697,2.8725900296008744
2021-08-31,6.08,23.69,13.447395833333331,71.04354166666667,29.1,97.56,1.6641666666666666,0.6732291666666667,26.23828625160946,2.6826499434489683
2021-09-01,5.26,18.98,10.35625,71.93854166666667,33.23,94.55,1.62375,0.44625000000000004,26.47730277327314,1.9613554838806175
2021-09-02,3.24,18.18,8.5525,77.94822916666666,44.18,96.81,1.6819791666666666,0.2755208333333333,26.71745561666433,1.4583565786609665
2021-09-03,5.46,22.87,12.483020833333333,72.59427083333334,35.32,97.65,1.8052083333333333,0.9927083333333333,26.958656205214787,3.7939410547650243
2021-09-04,3.85,19.43,10.251145833333334,62.12166666666667,28.54,89.48,1.6294791666666668,0.8360416666666667,27.20081560930477,3.0865665460738283
2021-09-05,6.78,22.02,12.71913043478261,60.11586956521739,21.07,89.2,1.6207608695652176,0.6753260869565217,27.44384461182434,2.96596676526912
2021-09-06,3.94,21.64,10.635625,72.17385416666666,37.5,97.7,1.84875,0.6984375,27.687653774418433,2.6756098931927483
2021-09-07,5.51,17.7,10.125,69.23166666666667,31.69,93.39,1.4202083333333333,0.4698958333333334,27.932153504289353,2.062985076121823
2021-09-08,3.08,18.44,10.1875,66.67031250000001,32.04,92.36,1.4632291666666666,0.8076041666666667,28.1772541214283,2.8949993156975564
2021-09-09,6.76,23.54,14.098958333333334,46.364270833333336,20.6,72.95,1.64875,0.6503125000000001,28.422865926145448,3.4715487907799076
2021-09-10,7.59,20.3,12.284375,65.84104166666667,33.0,95.72,1.860104166666667,0.017708333333333104,28.668899266767053,1.1117302837773175
2021-09-11,5.36,13.43,8.452291666666666,83.338125,61.34,97.61,1.8248958333333327,0.11468750000000005,28.915264607366737,0.8027696027594622
2021-09-12,2.78,15.93,9.078854166666668,74.66041666666666,41.16,96.8,1.449375,0.34572916666666675,29.161872595397362,1.6687238668763693
2021-09-13,3.36,18.42,9.810208333333334,64.17927083333333,26.77,93.8,1.4148958333333337,0.9157291666666667,29.40863412908996,3.5236305624154807
2021-09-14,3.67,19.09,10.448125,59.16729166666667,24.74,86.69,1.490625,0.8119791666666667,29.655460424485437,3.2839771419248067
2021-09-15,5.68,21.7,11.9559375,57.10625,26.31,79.05,1.5708333333333335,0.9046875,29.902263081965984,4.059539699129255
2021-09-16,7.17,23.7,14.428541666666668,52.5146875,24.79,80.55,1.666770833333333,0.9619791666666666,30.14895415215326,4.789795698873986
2021-09-17,8.63,25.85,15.120520833333332,57.91343749999999,24.71,89.74,1.70375,0.7355208333333334,30.39544620104163,3.8837689657730303
2021-09-18,6.53,21.59,12.593333333333334,76.01833333333333,45.38,94.1,1.606458333333333,0.5305208333333334,30.641652374236585,2.5152475416897837
2021-09-19,8.6,23.6,14.514479166666668,66.97500000000001,35.0,90.33,1.63875,0.8670833333333333,30.887486460169722,4.125735618621446
2021-09-20,6.69,20.84,12.498020833333332,72.80302083333333,41.25,93.52,1.854375,0.8753124999999999,31.132862952164356,3.7781013146108897
2021-09-21,4.42,20.48,10.956874999999998,71.6171875,37.3,94.1,1.9764583333333328,0.6074999999999999,31.377697109228336,2.813612232058976
2021-09-22,3.77,22.22,11.7275,68.07385416666666,27.06,97.0,1.5101041666666666,0.8311458333333334,31.62190501545315,3.681831598299855
2021-09-23,6.86,25.84,15.313854166666667,63.14729166666667,27.94,91.09,1.4753125,0.864375,31.865403637902418,4.444627389124722
2021-09-24,9.22,28.86,16.4603125,58.12447916666667,23.2,85.5,1.7758333333333332,0.45677083333333346,32.10811088287576,3.5739271617621515
2021-09-25,6.39,24.07,13.629062500000002,63.2359375,29.45,97.93,2.033125,0.761875,32.34994565043871,3.932643228136916
2021-09-26,6.59,25.97,14.886562499999998,60.87104166666666,26.6,98.49,1.8147916666666664,0.4358333333333334,32.590827887113015,3.185222913697065
2021-09-27,5.45,24.69,12.943229166666669,61.178333333333335,19.96,90.11,1.8005208333333331,0.3852083333333334,32.83067863662664,2.919841083459043
2021-09-28,2.85,24.62,11.731666666666667,55.96020833333333,19.46,94.7,1.6969791666666667,0.8546875,33.0694200886279,4.467709980136002
2021-09-29,5.57,26.47,14.736875,40.067395833333336,9.39,87.87,2.324583333333333,0.91125,33.30697562527277,5.932003095701752
2021-09-30,3.95,22.84,12.202916666666669,62.39635416666667,21.48,95.46,1.9079166666666667,0.9439583333333333,33.54326986560066,4.7654590327847925
2021-10-01,7.04,24.51,13.883958333333332,58.048541666666665,23.97,86.4,1.8432291666666665,0.7065625,33.7782287076192,4.076823581457234
2021-10-02,7.3,25.17,14.381666666666668,55.53385416666666,22.77,82.7,1.8190625,0.6854166666666668,34.0117793680248,4.172380600459601
2021-10-03,3.8,25.27,12.578854166666666,57.2940625,17.04,88.81,1.6869791666666665,0.9596875,34.24385041949199,5.245834597525225
2021-10-04,7.13,29.2,16.736458333333335,41.24625,12.56,68.04,2.1060416666666666,0.9752083333333333,34.474371825471195,6.736798648578772
2021-10-05,5.28,21.44,11.205833333333333,67.09427083333334,28.7,96.52,2.7570833333333336,0.7326041666666667,34.703274972440795,3.8012996186034345
2021-10-06,4.16,20.25,10.9828125,66.62197916666666,29.93,93.35,1.8623958333333333,0.52,34.93049269956684,2.96892565759545
2021-10-07,3.37,23.53,10.448333333333332,66.7159375,15.58,96.05,2.3627083333333334,0.8835416666666667,35.1559593257301,4.537994397769936
2021-10-08,4.83,22.63,11.541041666666668,67.29197916666666,27.23,92.66,1.8021875,0.6401041666666667,35.37961067388776,3.5042991772777246
2021-10-09,5.72,22.9,12.593541666666669,63.322291666666665,26.99,92.71,1.9897916666666668,0.6442708333333333,35.60138409274407,3.7763685253070776
2021-10-10,5.1,27.66,14.395208333333334,57.0603125,15.77,97.55,1.6939583333333337,0.9042708333333334,35.82121847571167,5.528748722538286
2021-10-11,7.47,27.89,16.0890625,60.30572916666667,22.17,90.77,1.9897916666666668,0.6133333333333335,36.03905427715251,4.348088733858958
2021-10-12,6.49,24.08,13.006979166666667,63.21395833333333,21.1,97.9,2.3403125,0.6670833333333334,36.25483352589499,4.13355465569991
2021-10-13,5.53,25.3,13.271354166666669,57.8590625,16.29,94.61,2.413958333333333,0.8554166666666667,36.46849983603103,5.272184700062457
2021-10-14,4.24,22.1,11.2684375,62.568958333333335,20.06,88.1,2.115,0.38645833333333346,36.67999841500448,3.0023915550977884
2021-10-15,6.17,26.64,14.671666666666669,42.09260416666667,9.04,76.67,2.0407291666666665,0.4871875,36.88927606900937,4.496137704225486
2021-10-16,4.77,26.62,14.205208333333331,47.59375,12.09,82.01,1.9040625,0.9934375,37.09628120572403,6.463526052354419
2021-10-17,5.46,27.65,15.320520833333331,50.590625,15.72,83.9,1.798125,0.8182291666666667,37.30096383441399,5.495554396878555
2021-10-18,8.21,28.45,16.4415625,49.130625,19.1,80.81,1.9595833333333328,0.9904166666666666,37.50327556344407,6.922412504437471
2021-10-19,6.65,28.59,15.5734375,57.38947916666667,20.8,94.27,2.1630208333333334,0.5684374999999999,37.703169595246365,4.568756401647681
2021-10-20,7.51,27.61,15.1984375,58.158229166666665,16.68,92.47,2.2409375,0.9941666666666666,37.90060071879835,6.606310411902327
2021-10-21,7.25,29.02,16.491979166666667,52.12708333333333,20.18,88.54,2.1928125,0.7790625,38.09552529967108,5.7437813851436355
2021-10-22,7.29,26.35,14.988020833333332,58.21729166666666,13.87,91.35,2.4220833333333336,0.945,38.287901267714275,6.259383238421101
2021-10-23,6.03,27.94,15.974270833333334,44.1834375,8.49,83.9,2.096458333333333,0.9916666666666667,38.47768810245105,7.149548806265659
2021-10-24,6.69,31.51,18.418854166666662,34.42072916666667,8.82,63.1,2.0576041666666667,0.99875,38.66484681626049,8.12422011379704
2021-10-25,10.15,31.42,18.727291666666662,44.4434375,12.7,72.72,2.0407291666666665,0.9853125,38.84933993543248,7.853760845107894
2021-10-26,10.27,35.17,20.7525,37.47322916666666,8.43,75.07,2.4132291666666665,0.9354166666666667,39.031131479183365,8.725715322114333
2021-10-27,8.13,30.48,17.531354166666667,51.83052083333333,15.32,85.56,2.228541666666666,0.7012499999999999,39.21018693672662,5.780815110848897
2021-10-28,11.82,32.82,19.780625,43.00114583333333,12.42,78.1,1.92,0.13687499999999997,39.38647324249717,3.635762793168645
2021-10-29,11.22,33.38,20.5746875,41.07479166666666,13.44,74.66,2.2462500000000003,0.6699999999999999,39.55995874963087,6.629932683221288
2021-10-30,13.05,33.4,21.838125,36.25427083333333,10.1,75.89,2.5625,0.40208333333333346,39.730613201806584,6.052750388927388
2021-10-31,12.05,29.35,18.879791666666662,49.055,20.26,74.7,2.5885416666666665,0.11302083333333324,39.89840770355873,3.4554715684300654
2021-11-01,10.45,27.8,17.675104166666667,53.3015625,21.72,85.73,2.8371875,0.18052083333333324,40.06331468917369,3.6602829109655373
2021-11-02,7.54,28.65,16.46625,47.63375,13.2,90.26,2.236666666666667,0.6176041666666666,40.225307890283815,5.461492202095986
2021-11-03,8.81,29.51,16.718229166666667,46.486250000000005,16.35,88.0,2.6040625,0.9042708333333334,40.3843623022757,7.396785766523523
2021-11-04,8.43,28.71,17.062708333333333,50.948125000000005,14.87,86.82,1.9246875,0.3482291666666667,40.54045414963084,4.065402752618624
2021-11-05,9.68,30.32,18.34677083333333,35.47145833333334,10.1,59.95,2.4657291666666667,0.5460416666666666,40.69356085031736,6.183018549816396
2021-11-06,6.99,28.73,15.5825,47.6109375,15.98,85.37,2.3541666666666665,0.8010416666666667,40.8436609793522,6.413560326593705
2021-11-07,8.24,32.38,18.35322916666667,43.3803125,13.4,83.77,2.2060416666666667,0.5988541666666667,40.99073423165349,6.1321395707034565
2021-11-08,8.46,29.58,17.312395833333333,46.11729166666667,14.46,79.4,2.369375,0.45791666666666664,41.134761384302024,5.178481797626587
2021-11-09,8.4,28.72,16.691666666666666,53.138020833333336,17.75,91.83,2.8217708333333333,0.5996874999999999,41.275724258330115,5.597416403521343
2021-11-10,8.04,29.97,16.97010416666667,55.010625000000005,18.6,93.0,2.1402083333333333,0.7340625000000001,41.413605680154724,5.943447098857552
2021-11-11,8.99,29.27,17.41,40.610625,14.93,73.69,2.656145833333333,0.4347916666666667,41.54838944276988,5.558074404293997
2021-11-12,8.38,29.84,17.1853125,46.22104166666667,16.65,77.08,2.5636458333333336,0.9142708333333334,41.68006026681149,7.687088933099529
2021-11-13,7.15,29.59,15.43125,59.63395833333333,19.8,95.4,2.8365625,0.6435416666666667,41.8086037616045,5.55962594021512
2021-11-14,5.22,26.57,14.399375,58.329375,13.41,95.37,1.9223958333333333,0.8225,41.93400638630005,5.800272782688386
2021-11-15,7.08,26.94,15.4740625,51.45135416666667,12.8,88.36,2.447083333333333,0.6054166666666667,42.05625541120595,5.317526292191074
2021-11-16,6.75,27.38,14.937291666666669,55.92645833333333,19.21,95.32,2.482604166666667,0.8971875,42.17533887941113,6.710340200620671
2021-11-17,9.49,31.11,18.817083333333333,35.60947916666667,8.01,58.5,2.2725,0.9114583333333334,42.29124556879942,8.286292212560111
2021-11-18,9.83,31.06,18.718333333333334,40.2065625,13.18,84.85,2.8438541666666666,0.9032291666666666,42.40396495454473,8.438779821259814
2021-11-19,8.55,28.15,16.48572916666667,55.685625,19.3,89.7,2.9170833333333337,0.996875,42.51348717217418,7.774485655404968
2021-11-20,8.54,30.29,17.76395833333333,55.34375,21.94,91.41,2.5903125,0.9936458333333333,42.619802981281474,8.085809049595522
2021-11-21,10.79,32.17,19.6478125,48.32822916666667,19.0,85.06,2.797916666666667,0.9995833333333334,42.72290372996715,9.017691360623123
2021-11-22,8.68,27.21,16.744791666666668,57.39166666666667,20.15,96.15,2.913020833333333,0.8316666666666667,42.8227813200775,6.562081521476772
2021-11-23,9.45,30.15,18.160833333333333,52.22760416666667,14.57,89.72,2.408125,0.7608333333333334,42.91942817330846,6.589427061993754
2021-11-24,10.78,33.51,20.544791666666665,44.44833333333333,11.46,82.29,2.4046875,0.9547916666666667,43.01283719823492,8.961725856108732
2021-11-25,10.56,31.7,18.665,48.12916666666666,14.2,83.6,3.011875,0.9976041666666666,43.103001758321234,9.034581810725014
2021-11-26,10.57,31.46,19.492916666666662,42.3421875,14.2,76.93,2.8652083333333334,1.0,43.18991564096196,9.278909602958839
2021-11-27,9.3,32.44,18.377291666666668,41.806979166666665,7.9,82.43,2.5071875,0.98,43.27357302759778,9.054015386642961
2021-11-28,8.43,27.74,17.134270833333336,47.8403125,16.83,87.97,2.9762500000000003,0.6926041666666667,43.35396846494482,6.385155925620921
2021-11-29,9.35,30.75,17.392083333333336,43.88541666666666,13.2,77.94,2.7016666666666667,0.7972916666666667,43.43109683737125,7.502465694749478
2021-11-30,8.94,30.66,18.308958333333333,45.62010416666666,15.39,86.03,2.443645833333333,0.8635416666666667,43.504953340449475,7.746025015737163
2021-12-01,9.4,30.1,18.2634375,45.48864583333333,14.97,81.67,2.594895833333333,0.9602083333333333,43.5755334557072,8.464632033334254
2021-12-02,8.84,30.42,18.34208333333333,39.0896875,12.86,73.4,2.505625,0.9045833333333333,43.64283292659655,8.317327705798384
2021-12-03,9.07,30.3,18.5053125,40.943020833333335,13.4,70.98,2.490625,0.7375,43.70684773569491,7.080690846094425
2021-12-04,8.25,32.06,18.5540625,42.79750000000001,12.98,75.23,2.333645833333333,0.9996875,43.767574083148226,9.039349613571945
2021-12-05,13.66,35.98,22.90114583333333,30.8453125,8.9,57.1,2.7216666666666662,1.0,43.82500836636291,10.919851397699057
2021-12-06,13.03,35.11,22.571145833333333,34.376354166666665,12.91,75.53,2.740520833333333,0.9996875,43.87914716094881,10.563304867742579
2021-12-07,10.79,31.75,19.7628125,50.08947916666667,17.03,91.21,2.5925,0.9641666666666666,43.92998720291376,8.732980027438254
2021-12-08,13.22,33.45,21.735625,45.984375,19.27,81.42,2.5582291666666666,0.5611458333333335,43.977525372105916,6.7003001967778735
2021-12-09,12.96,33.93,21.714791666666667,48.6525,19.4,83.4,2.6610416666666667,0.47062499999999996,44.02175867689901,6.223702304869661
2021-12-10,10.21,28.64,18.443125,59.35010416666666,23.56,94.19,3.0871875,0.7185416666666666,44.06268424011327,6.290637579900181
2021-12-11,8.92,28.7,16.611145833333335,64.42677083333334,20.3,97.1,3.1284375,0.6808333333333334,44.100299286162766,5.76103867885255
2021-12-12,6.64,27.18,15.733020833333333,53.46322916666667,13.65,92.61,2.6815625,0.7957291666666667,44.13460112941978,6.468446057359286
2021-12-13,7.42,29.16,16.958645833333332,46.111875,14.6,86.47,2.646041666666666,0.8576041666666667,44.16558716378506,7.543238484846083
2021-12-14,7.85,30.56,17.8034375,41.81822916666667,13.7,71.35,2.1946875,0.9111458333333333,44.19325485345333,8.131027681918177
2021-12-15,9.85,32.59,19.240416666666665,41.065,14.4,73.08,2.5360416666666667,0.8633333333333333,44.217601724862526,8.463719468583868
2021-12-16,11.23,32.74,20.5625,36.34583333333333,15.3,66.72,2.576041666666667,1.0,44.23862535981649,9.849094323402584
2021-12-17,9.54,31.44,18.63395833333333,44.27333333333333,17.44,81.54,2.551979166666667,1.0,44.25632338977085,9.130404770672554
2021-12-18,8.61,32.31,19.021875,46.3546875,17.6,91.41,2.376979166666666,0.9798958333333333,44.27069349127301,8.931737025383976
2021-12-19,10.75,32.79,20.604166666666668,42.919270833333336,17.31,80.18,2.6555208333333336,1.0,44.2817333825483,9.608897037644912
2021-12-20,10.65,33.52,20.07875,48.39875,14.1,81.24,2.560729166666667,0.9942708333333333,44.28944082122604,9.369550998126352
2021-12-21,11.4,31.53,20.131875,50.15135416666666,19.3,80.52,2.6289583333333333,1.0,44.29381360320019,9.090279547604748
2021-12-22,11.12,31.4,19.81177083333333,54.008125,20.38,93.47,2.865833333333333,0.9896875,44.2948495626219,8.85967264020519
2021-12-23,10.58,30.4,18.610104166666662,57.7603125,20.9,93.8,2.7852083333333333,0.9139583333333333,44.292546573021944,7.867816491347462
2021-12-24,12.03,33.58,21.2559375,43.76541666666666,12.2,77.11,2.552395833333333,0.99625,44.28690254956433,9.707329407792052
2021-12-25,13.65,32.23,21.765104166666664,40.991875,15.4,64.65,2.758645833333333,1.0,44.277915452432644,9.840679358695638
2021-12-26,14.1,33.74,22.090416666666663,40.25729166666667,13.8,65.3,2.723020833333333,1.0,44.26558329135378,10.150182333584677
2021-12-27,13.8,33.31,22.277916666666663,38.963125,13.1,63.67,2.727604166666667,1.0,44.24990413126463,10.115336914307507
2021-12-28,13.91,34.11,22.882604166666667,33.3421875,13.35,67.73,2.789895833333333,0.996875,44.23087609912932,10.537394296305767
2021-12-29,12.7,32.89,20.95520833333333,37.66114583333333,11.74,64.45,2.853645833333333,1.0,44.20849739191575,10.081869502685517
2021-12-30,12.21,32.42,21.1421875,41.82895833333333,10.4,77.16,2.6566666666666667,1.0,44.18276628574145,9.66731011743418
2021-12-31,10.36,31.98,19.7640625,37.149479166666666,8.8,65.88,2.822395833333333,0.9515625,44.15368114619974,9.390794521656373
2022-01-01,10.58,31.21,18.92875,39.5765625,12.5,73.49,2.745,0.9934375,44.12124043987763,9.389573240714034
2022-01-02,9.87,30.78,19.12364583333333,48.048125,12.3,82.5,2.416354166666667,0.8602083333333334,44.08544274707749,7.777630872541252
2022-01-03,12.16,31.05,20.33791666666667,57.23697916666666,22.9,88.31,2.740104166666667,1.0,44.04628677575424,8.744259341655884
2022-01-04,12.83,33.24,21.648750000000003,52.82666666666666,13.5,89.95,2.5472916666666667,1.0,44.0037713766795,9.293479350890717
2022-01-05,11.4,32.3,20.078541666666663,49.82708333333333,16.7,82.77,2.7663541666666664,1.0,43.957895559843365,9.213496973487747
2022-01-06,10.32,30.82,18.995833333333334,54.74875,20.85,88.3,2.8594791666666666,0.9991666666666666,43.908658512103194,8.656841998175533
2022-01-07,11.86,32.54,20.02,51.67239583333333,19.69,85.65,2.566770833333333,1.0,43.85605961608738,9.08872679242823
2022-01-08,13.97,34.9,22.620729166666667,44.497083333333336,14.9,76.65,2.8043750000000003,0.999375,43.80009847035968,10.124718829207913
2022-01-09,13.08,31.9,20.44395833333333,55.939479166666665,13.1,94.3,2.9813541666666663,0.6826041666666667,43.74077491084773,6.817908437133374
2022-01-10,10.82,31.55,18.52958333333333,56.04020833333333,18.8,95.22,2.435416666666667,0.5359375,43.67808903353629,5.650175321100175
2022-01-11,12.43,31.07,19.00197916666667,58.47739583333333,23.6,98.03,2.5617708333333336,0.569375,43.61204121842225,5.76210040197865
2022-01-12,13.91,31.99,20.88864583333333,43.818958333333335,21.54,65.06,2.763125,0.7384375000000001,43.542632154725545,7.6203569180397235
2022-01-13,13.79,32.0,21.20510416666667,43.89479166666666,17.1,79.2,2.6602083333333333,0.6121875,43.46986286734538,6.903548393560854
2022-01-14,12.27,31.36,20.445416666666667,50.568958333333335,15.3,94.06,2.4185416666666666,0.3026041666666667,43.39373474454754,4.701275457654718
2022-01-15,12.76,30.54,19.584479166666664,59.215833333333336,23.87,86.8,2.3272916666666665,0.14541666666666675,43.31424956686332,3.151400556220275
2022-01-16,10.84,32.15,18.98635416666667,58.99010416666667,18.18,96.27,2.634375,0.6546875,43.231409537176255,6.233014481760868
2022-01-17,7.02,27.8,16.286041666666666,49.44989583333333,16.86,93.16,2.495625,0.9492708333333333,43.145217311967514,7.598729862273611
2022-01-18,6.7,29.06,16.249479166666667,46.148125,19.1,81.19,2.2,0.9805208333333333,43.05567603368533,7.969578397163437
2022-01-19,7.78,27.91,15.740208333333332,51.27,19.6,77.75,2.599375,0.9935416666666667,42.9627893641986,7.830147027072515
2022-01-20,8.85,30.84,18.08791666666667,47.67614583333333,14.73,88.39,2.135104166666667,0.9996875,42.866561519288965,8.423820556484877
2022-01-21,10.39,32.7,19.886354166666667,45.59916666666667,14.8,83.69,2.229791666666667,1.0,42.76699730413018,8.950709402967735
2022-01-22,10.82,31.09,19.203645833333333,46.7540625,18.8,81.96,2.7860416666666663,1.0,42.664102149697406,8.888090562734451
2022-01-23,10.97,32.04,19.846354166666668,42.407916666666665,11.4,82.88,2.427291666666666,0.9916666666666667,42.557882150043866,9.004987397653036
2022-01-24,11.11,31.97,20.1028125,43.61625,13.83,74.52,2.3773958333333334,1.0,42.44834410037607,8.977703145082245
2022-01-25,11.71,31.5,19.85677083333333,51.431562500000005,19.8,84.02,2.330416666666667,1.0,42.33549553585344,8.580973559744564
2022-01-26,11.33,31.67,19.660416666666663,56.84260416666667,23.8,90.12,2.5328125,1.0,42.21934477103255,8.399378010831494
2022-01-27,11.1,29.29,18.4521875,61.84,29.2,91.13,2.627291666666667,0.9991666666666666,42.099900939870786,7.785645373059522
2022-01-28,11.15,29.57,18.40552083333333,64.9146875,28.6,92.9,2.5304166666666665,0.9775,41.97717403619926,7.499269240202035
2022-01-29,12.44,30.4,18.9996875,63.69520833333333,28.74,92.67,2.7536458333333336,0.9571875,41.85117495456971,7.609810108232635
2022-01-30,11.57,31.86,19.494479166666668,54.4275,13.4,94.04,2.7817708333333333,0.9925,41.7219155313752,8.47755350892061
2022-01-31,11.3,30.44,19.17875,52.0925,16.71,90.57,2.387916666666667,1.0,41.58940858614093,8.250463285253835
2022-02-01,11.87,30.77,19.78,50.403125,22.9,74.44,2.7194791666666664,0.9996875,41.453667962876274,8.517825152655472
2022-02-02,12.25,30.11,19.379270833333333,58.00666666666667,26.6,86.93,2.7072916666666664,0.9601041666666666,41.31470857137676,7.781027933139768
2022-02-03,12.06,30.82,19.495,55.13604166666667,23.79,86.82,2.4832291666666664,1.0,41.17254642836024,8.187376368458596
2022-02-04,12.24,33.28,20.42302083333333,51.71125,15.6,86.13,2.5,0.9995833333333334,41.027198698319616,8.712897100377745
2022-02-05,12.29,33.48,20.27208333333333,54.12875,19.3,82.9,2.634375,0.9180208333333333,40.87868373397143,8.08243141218989
2022-02-06,11.12,31.4,18.72125,60.75260416666666,19.7,94.8,2.5521875,0.9479166666666666,40.72702111617817,7.516281559929463
2022-02-07,14.38,33.02,22.0678125,45.83614583333334,17.86,74.21,2.3216666666666668,1.0,40.57223169322009,8.904911021865628
2022-02-08,14.38,35.16,23.10125,39.25770833333333,10.9,68.99,2.1758333333333333,0.8417708333333334,40.414337619291665,8.144419524537907
2022-02-09,14.98,33.18,22.1071875,47.6275,16.5,88.53,2.705208333333333,0.7341666666666666,40.25336239209747,7.1900642465410485
2022-02-10,13.44,28.5,18.96333333333333,69.62666666666667,33.9,95.6,2.90875,0.578125,40.08933088942139,4.78939946257125
2022-02-11,10.92,27.06,16.249791666666667,71.5165625,28.93,97.17,2.960729166666667,0.5960416666666666,39.92226940454459,4.475314718525006
2022-02-12,11.46,31.42,19.85770833333333,53.32135416666667,21.62,88.3,2.5944791666666664,0.49416666666666664,39.75220568038767,5.327448689114405
2022-02-13,12.82,30.53,19.944479166666667,47.2828125,20.27,90.26,2.5282291666666667,0.7884375,39.57916894225448,6.826493544251228
2022-02-14,13.27,31.65,20.441041666666667,50.50604166666667,21.4,82.94,2.3122916666666664,0.9160416666666666,39.40318992905659,7.620595939225788
2022-02-15,12.97,31.8,20.16583333333333,49.9515625,22.1,78.4,2.4033333333333333,0.9976041666666666,39.224300922899964,8.221336501804442
2022-02-16,11.93,32.61,20.0065625,43.88875,15.99,73.44,2.262916666666667,1.0,39.04253577691832,8.432827316615894
2022-02-17,14.69,34.43,22.3575,39.013020833333336,11.3,72.96,2.3959375,1.0,38.8579299412408,9.14805533004177
2022-02-18,11.77,31.99,19.310729166666665,51.14791666666667,16.88,87.08,2.6754166666666666,0.9996875,38.67052048698532,8.155350599050266
2022-02-19,10.37,30.68,18.73739583333333,56.39833333333333,17.17,90.1,2.308125,0.991875,38.4803461281734,7.439482929952025
2022-02-20,12.09,29.91,18.817604166666666,55.1515625,22.0,85.71,2.5426041666666666,0.9897916666666666,38.287447241466715,7.499461819828892
2022-02-21,9.62,27.53,16.490729166666664,64.89614583333334,23.63,94.58,2.5272916666666667,0.558125,38.09186588363036,4.383968631087958
2022-02-22,11.41,28.21,17.464791666666667,60.7303125,22.97,91.1,2.684270833333333,0.6135416666666667,37.89364580663381,4.968817368684347
2022-02-23,10.08,28.41,17.0665625,58.89572916666666,18.16,94.2,2.256041666666667,0.8921875,37.69283247030561,6.212401751486686
2022-02-24,10.82,27.65,17.474791666666665,56.59833333333333,20.46,86.56,1.9594791666666669,0.5872916666666667,37.489473052464255,4.602875645801204
2022-02-25,11.26,29.69,18.249791666666667,51.91427083333334,19.41,85.49,2.0153125,0.9828125,37.28361645645403,7.114707524466585
2022-02-26,11.54,28.18,18.19770833333333,52.114270833333336,18.74,84.35,2.2096875,0.9986458333333333,37.07531331602105,7.089448261297816
2022-02-27,11.94,29.94,18.835104166666667,51.10083333333333,13.4,90.28,2.1321875,0.9682291666666667,36.86461599747188,7.111924704890383
2022-02-28,12.92,34.07,20.8428125,33.58864583333334,5.8,62.1,1.9261458333333328,1.0,36.65157859906388,8.357747385182705
2022-03-01,13.09,32.59,20.77552083333333,32.98135416666667,7.14,62.1,1.8672916666666663,0.9942708333333333,36.43625694758412,8.01713789886638
2022-03-02,15.1,32.13,21.68458333333333,41.5153125,15.2,81.5,2.329375,0.9838541666666667,36.218708592080816,8.062846953786089
2022-03-03,12.99,31.11,19.708541666666665,56.73385416666667,20.54,85.31,2.3238541666666666,0.9448958333333334,35.99899279471923,6.912896314212748
2022-03-04,14.65,31.98,21.251875,61.89958333333333,23.38,92.32,2.135520833333333,0.99625,35.7771705187413,7.172979522776404
2022-03-05,14.14,31.53,21.04104166666667,51.470625000000005,18.7,78.41,2.057395833333333,0.8819791666666666,35.553304413516585,6.626330811732304
2022-03-06,13.14,30.49,20.016354166666662,46.3859375,11.49,73.87,2.0944791666666664,1.0,35.32745879667938,7.340299858742327
2022-03-07,12.91,30.88,20.25708333333333,40.02197916666667,12.43,73.3,2.0746875,0.9871875,35.0996996333556,7.449518167038568
2022-03-08,11.59,29.67,18.48958333333333,55.7390625,16.62,88.9,2.379583333333333,1.0,34.870094512489985,6.843827189651131
2022-03-09,11.96,29.99,18.8525,52.15385416666667,17.0,83.16,2.0241666666666664,0.9980208333333334,34.63871262029299,6.836630021516513
2022-03-10,13.38,31.71,20.505416666666665,47.5484375,12.46,83.0,1.866875,0.9792708333333333,34.40562471083385,7.039048805557826
2022-03-11,12.78,30.47,19.882604166666667,43.72104166666667,18.8,77.58,2.043333333333333,0.9520833333333333,34.170903073814536,6.869123264456059
2022-03-12,12.33,28.71,18.30302083333333,64.8584375,25.4,90.1,2.321875,0.9541666666666667,33.93462149956686,5.967250308470801
2022-03-13,12.88,30.9,19.94708333333333,56.6203125,22.4,89.05,2.07125,0.9929166666666667,33.69685524132241,6.6922351802410285
2022-03-14,13.75,30.12,19.812395833333333,61.91697916666666,25.76,90.82,2.0870833333333336,0.9076041666666667,33.45768097481245,5.910911979797157
2022-03-15,13.38,29.91,19.737916666666667,59.009375,26.5,88.23,2.049166666666667,0.9758333333333333,33.217176755262265,6.322137752050827
2022-03-16,12.4,30.55,19.964895833333333,57.28364583333333,23.97,91.54,2.3008333333333333,0.761875,32.97542197185116,5.236405508657084
2022-03-17,12.95,30.46,19.93,51.82833333333334,22.3,85.92,1.98,0.9109375,32.73249729971636,6.098042236653966
2022-03-18,13.19,30.52,19.6490625,46.0346875,13.13,69.35,1.9629166666666664,0.3778125,32.488484649585494,4.1709881493011896
2022-03-19,15.4,33.48,21.80177083333333,35.945,11.53,71.41,1.887916666666667,0.6223958333333335,32.243467115128574,5.562236650041562
2022-03-20,12.27,31.36,20.1784375,28.46083333333333,12.01,47.62,1.7821875,0.6508333333333334,31.997528918126434,5.3430275764102575
2022-03-21,11.73,27.62,17.508333333333333,40.89635416666667,16.8,78.14,2.0716666666666668,0.6805208333333332,31.750755351558368,4.912849688277397
2022-03-22,9.84,25.41,16.014895833333334,55.137708333333336,17.8,95.54,1.9186458333333327,0.8957291666666667,31.503232720716877,4.979437730502585
2022-03-23,9.35,30.27,16.998958333333334,54.03239583333333,11.16,90.2,1.760625,0.9729166666666667,31.255048282462905,5.799359238093933
2022-03-24,12.86,31.38,20.0925,36.2775,9.29,70.0,1.6420833333333331,0.9963541666666667,31.006290182738933,6.553946828933899
2022-03-25,13.93,30.55,20.300625,33.771145833333335,12.1,76.43,1.9107291666666668,1.0,30.757047392462624,6.78369088214638
2022-03-26,12.31,29.08,17.885208333333335,51.266041666666666,17.5,84.15,1.9351041666666668,0.6639583333333334,30.507409641926817,4.466797847430248
2022-03-27,10.19,28.5,17.051875,59.5678125,21.96,95.8,1.7809375,0.8710416666666667,30.257467353835857,4.802004272548539
2022-03-28,11.45,27.41,17.685937499999998,48.9175,17.31,78.0,2.0420833333333333,0.4457291666666666,30.00731157511122,3.809132077991492
2022-03-29,10.14,29.93,17.3509375,44.2003125,9.03,89.28,1.754895833333333,0.9547916666666667,29.757033907602434,5.7251876074797945
2022-03-30,9.39,28.34,16.971354166666668,42.9534375,8.05,75.39,1.9366666666666663,0.7638541666666667,29.5067264378414,4.683120078419358
2022-03-31,10.23,28.07,17.370625,36.67989583333333,10.93,66.61,1.703854166666667,0.7648958333333333,29.256481665980825,4.60354462180724
2022-04-01,11.58,28.67,18.323541666666667,29.743333333333336,9.58,48.71,1.4782291666666667,0.6454166666666666,29.006392434058565,4.301328483678589
2022-04-02,10.27,27.89,16.6838,44.9632,14.8,81.3,1.7695,0.7959,28.756551853731327,4.540337879120955
2022-04-03,11.81,28.39,18.691666666666663,44.31010416666667,16.12,80.8,1.864479166666667,0.4984375,28.507053233621747,3.9124506052040706
2022-04-04,11.26,26.1,16.443541666666665,53.58375,25.49,81.79,1.55875,0.030833333333333157,28.25799000642363,1.6306095172102546
2022-04-05,12.69,29.06,19.505729166666665,40.5534375,16.6,66.8,1.6040625000000002,0.698125,28.00945565590975,4.243690777063584
2022-04-06,14.71,30.14,20.58802083333333,31.6525,13.1,54.4,1.635625,0.996875,27.761543643986805,5.958466966973163
2022-04-07,13.93,30.34,20.29375,32.330104166666665,10.86,55.61,1.6764583333333334,0.9176041666666667,27.514347337940727,5.529542515757267
2022-04-08,13.12,28.54,19.105104166666667,44.851979166666666,20.6,71.2,1.6714583333333335,0.8895833333333334,27.267959938015036,4.860383887721673
2022-04-09,9.6,25.85,15.535208333333337,61.5146875,26.7,87.84,1.849375,0.7786458333333333,27.022474405463075,3.6121815087456817
2022-04-10,9.56,24.87,15.104166666666666,60.32020833333333,28.41,91.0,1.8285416666666665,0.8908333333333334,26.777983391213038,4.009228332721557
2022-04-11,7.94,23.32,14.285520833333337,58.05145833333333,25.74,89.16,1.7757291666666666,0.921875,26.534579165282718,3.959990577162675
2022-04-12,7.2,23.34,13.197291666666668,54.28458333333333,21.74,86.49,1.7273958333333337,0.4229166666666666,26.292353547078083,2.720503239114743
2022-04-13,9.5,28.2,16.955000000000002,28.542291666666667,10.36,66.96,1.4839583333333335,0.9291666666666667,26.051397836706833,4.853148953481715
2022-04-14,7.94,26.18,14.100833333333334,50.203541666666666,16.57,75.8,1.624375,0.6347916666666666,25.811802747435102,3.3238062232712884
2022-04-15,11.06,28.54,16.9834375,40.66645833333333,12.5,75.3,1.7228125,1.0,25.573658339411256,5.172761019466755
2022-04-16,9.85,26.33,16.081354166666667,52.12447916666667,19.09,88.0,1.6189583333333333,0.9897916666666666,25.33705395477761,4.4666449207280134
2022-04-17,9.45,24.67,14.641041666666666,62.775312500000005,27.93,88.21,1.6496875,0.8141666666666667,25.102078154285927,3.2900761407266366
2022-04-18,10.56,25.01,16.095625000000002,46.97145833333334,20.74,78.5,1.5230208333333335,0.400625,24.86881865552847,2.8183218958185314
2022-04-19,9.71,23.79,15.027604166666668,52.48416666666666,20.9,79.06,1.6965625,0.3192708333333333,24.63736227289156,2.5616012048970744
2022-04-20,9.85,22.0,14.664791666666666,60.1609375,29.14,88.6,1.5610416666666669,0.2802083333333333,24.407794859333336,2.0873043440250525
2022-04-21,10.68,22.92,15.433229166666663,52.95875,26.57,73.25,1.85875,0.3882291666666666,24.180201250082224,2.683711037092623
2022-04-22,10.55,24.08,14.9921875,49.224895833333335,19.84,87.8,1.465,0.6203125,23.95466520834728,2.908993090272482
2022-04-23,9.14,24.3,12.9978125,73.89729166666667,31.47,95.63,1.5208333333333333,0.3079166666666667,23.731269373125397,1.7805183802566438
2022-04-24,10.45,22.86,15.377083333333331,59.2159375,34.9,84.0,1.7226041666666667,0.2616666666666667,23.51009520918475,2.1840489973446773
2022-04-25,6.03,21.67,12.177708333333332,74.98864583333334,32.36,96.0,1.521875,0.35416666666666674,23.29122295929755,1.648848278905636
2022-04-26,7.13,20.65,11.713958333333332,68.3565625,40.55,91.72,1.6836458333333333,0.7098958333333334,23.074731598788794,2.304122505195324
2022-04-27,8.73,15.84,11.3171875,73.7840625,41.35,92.4,1.4570833333333333,0.2042708333333333,22.860698792461353,1.2516981621790344
2022-04-28,7.22,16.91,11.0315625,67.49677083333333,44.56,93.4,1.0875,0.4504166666666667,22.64920085395083,1.6059557361259884
2022-04-29,7.67,19.87,13.36375,59.63385416666667,37.4,81.92,1.1029166666666663,0.21395833333333325,22.44031270755708,1.524640911068726
2022-04-30,9.4,20.34,14.042604166666663,57.95791666666667,34.2,81.6,1.210208333333333,0.8088541666666667,22.234107852592196,2.5024022576858975
2022-05-01,9.01,18.25,12.952291666666667,57.153645833333336,39.71,69.98,1.053958333333333,0.30270833333333325,22.03065833027782,1.6313528861132576
2022-05-02,8.88,17.94,12.489583333333334,65.29531250000001,40.8,86.88,1.528125,0.10687500000000005,21.83003469321745,1.1769708164305472
2022-05-03,9.67,22.73,14.54125,51.38958333333333,27.1,75.63,1.2716666666666667,0.9689583333333334,21.63230597746237,3.278300208784664
2022-05-04,9.81,26.28,15.824479166666668,55.30322916666666,19.9,94.33,1.3552083333333331,0.6804166666666667,21.437539677182357,2.6241086225489605
2022-05-05,10.51,23.57,16.213020833333335,57.13385416666667,31.3,84.6,1.2982291666666663,0.6168750000000001,21.24580172194526,2.297136045729891
2022-05-06,9.32,22.38,14.988854166666668,57.414479166666666,28.39,82.9,1.1721875,0.5222916666666666,21.05715645660202,2.017354111188156
2022-05-07,11.98,23.1,16.353958333333335,53.5909375,30.74,75.6,1.4509375,0.9619791666666666,20.87166662376649,3.302118267394032
2022-05-08,11.19,24.76,17.253645833333334,46.5909375,26.5,69.57,1.045,0.9325,20.689393348872052,3.0622799032851606
2022-05-09,11.4,23.89,16.853958333333335,53.00718749999999,30.8,78.5,1.1507291666666666,0.7370833333333333,20.510396127779657,2.3278921282624583
2022-05-10,12.17,24.47,17.296666666666667,52.83208333333334,26.6,73.19,0.94125,0.23312500000000003,20.33473281690483,1.7270452803557275
2022-05-11,12.56,23.45,17.046875,49.1115625,31.8,67.5,1.123125,0.20989583333333328,20.162459625823697,1.8463008095937392
2022-05-12,9.97,23.25,15.548020833333332,45.79447916666667,26.8,69.2,1.1069791666666666,0.2695833333333333,19.99363111231122,1.9532750053903685
2022-05-13,8.83,22.05,14.0459375,59.21875,28.11,93.22,1.0266666666666666,0.6446875000000001,19.82830017975773,1.8695298849921966
2022-05-14,9.23,21.63,14.6659375,53.19614583333333,30.15,80.21,1.0169791666666663,0.6405208333333334,19.666518076902783,1.9007555262579843
2022-05-15,10.2,23.94,15.978020833333334,47.7503125,22.5,72.74,1.1954166666666668,0.5230208333333335,19.508334399818875,2.1504737016738282
2022-05-16,10.95,23.32,16.09989583333333,48.8059375,26.06,66.81,1.0765625,0.49479166666666663,19.3537970960708,1.9839340027074068
2022-05-17,10.74,24.55,16.366875,48.676875,22.8,77.5,1.1798958333333334,0.6834374999999999,19.202952470969972,2.230114406900722
2022-05-18,11.75,25.47,16.5025,39.715,17.0,69.0,1.54375,0.8314583333333333,19.055845195836937,3.0680574968572847
2022-05-19,10.65,22.34,14.912291666666668,48.208333333333336,25.07,80.4,1.7823958333333334,0.2844791666666667,18.912518318179348,2.372357447694114
2022-05-20,11.03,21.43,14.930208333333333,50.994166666666665,29.8,71.8,0.8546874999999999,0.27312499999999995,18.77301327368691,1.5432314357665202
2022-05-21,10.86,21.65,15.179375,48.83625,30.4,62.32,0.8414583333333333,0.4965625,18.63736989993936,1.658851818277825
2022-05-22,9.87,22.3,14.375833333333333,59.29916666666667,30.3,95.15,1.2779166666666668,0.12812500000000004,18.50562645171855,1.349130788815027
2022-05-23,10.51,23.12,14.790416666666667,42.98333333333333,23.6,66.4,0.9958333333333332,0.3594791666666667,18.377819617810847,1.8802409437801395
2022-05-24,8.46,20.3,14.083541666666669,60.36572916666666,33.5,89.3,1.0647916666666666,0.26364583333333325,18.25398453918164,1.4206622476945703
2022-05-25,11.55,24.06,16.130416666666665,40.66416666666667,14.52,70.0,1.4821875,0.5686458333333334,18.134154828399794,2.478296916718767
2022-05-26,11.12,21.78,15.092083333333331,51.498020833333335,30.11,72.5,1.0716666666666663,0.3833333333333334,18.018362590186193,1.7242284151343374
2022-05-27,7.9,18.71,11.899375,67.39010416666666,34.13,92.0,1.34875,0.23187500000000005,17.906638442957483,1.3394988246896085
2022-05-28,8.53,19.39,12.824791666666668,60.635625000000005,31.61,87.77,1.090625,0.31666666666666676,17.799011541233167,1.4144899296398177
2022-05-29,7.1,17.41,12.026354166666666,49.84583333333333,33.7,65.06,0.9644791666666668,0.09354166666666686,17.69550959877231,1.0107094538399175
2022-05-30,7.29,17.37,11.677916666666668,53.90520833333333,35.69,84.6,1.2282291666666667,0.05739583333333309,17.596158912304027,1.0265091029747002
2022-05-31,5.55,16.08,10.219375,66.923125,41.13,92.34,1.4723958333333331,0.4094791666666666,17.50098438571509,1.3291090028201529
2022-06-01,4.74,13.21,8.2659375,80.43270833333334,50.9,95.11,1.3758333333333337,0.2282291666666667,17.41000955455702,0.877578472748478
2022-06-02,5.59,14.97,9.6025,71.36145833333333,42.6,90.3,1.2311458333333334,0.2872916666666667,17.323256610735168,1.0826709326143726
2022-06-03,5.01,14.23,9.164270833333331,72.65447916666666,43.08,92.07,0.9970833333333332,0.19322916666666667,17.240746427242645,0.8537655336224373
2022-06-04,7.66,13.68,9.7871875,80.22447916666667,55.6,93.7,1.4322916666666667,0.006562500000000027,17.162498582803057,0.3777873730595047
2022-06-05,7.5,16.97,11.18625,73.16145833333333,44.86,95.6,1.5533333333333337,0.16208333333333325,17.088531386287734,1.0193952194973788
2022-06-06,8.69,18.61,11.235208333333333,73.15635416666667,34.9,92.6,1.1645833333333333,0.2288541666666667,17.018861900775242,1.119481007876024
2022-06-07,9.51,19.65,13.745138888888889,51.06555555555556,24.45,71.31,1.14,0.4058333333333334,16.953505967123995,1.6068497047769945
