Data,Eto
2016-01-01,5.044159606259962
2016-01-02,4.665471723355338
2016-01-03,4.072057153724914
2016-01-04,2.919513071194212
2016-01-05,3.0607169965321552
2016-01-06,3.3868369668198417
2016-01-07,3.6129247445171346
2016-01-08,2.796019627408735
2016-01-09,4.692482130273427
2016-01-10,5.287460388801526
2016-01-11,5.383601209323842
2016-01-12,3.415659002989544
2016-01-13,5.006356739049573
2016-01-14,5.361650548223891
2016-01-15,5.1411553944824355
2016-01-16,5.3688450620279236
2016-01-17,5.307466648284639
2016-01-18,5.266814072996946
2016-01-19,5.358957082552295
2016-01-20,5.495933632449234
2016-01-21,5.651638442004577
2016-01-22,5.444697783349863
2016-01-23,4.522764387724496
2016-01-24,3.325701572181673
2016-01-25,3.523792340207182
2016-01-26,4.038851223794512
2016-01-27,2.9464403364569183
2016-01-28,3.511585738978309
2016-01-29,3.8944551785965196
2016-01-30,5.1669837079650724
2016-01-31,5.177261583196914
2016-02-01,5.180139188891615
2016-02-02,4.764059122085827
2016-02-03,5.062649645455454
2016-02-04,4.1292939602369145
2016-02-05,4.901055834021529
2016-02-06,5.092227022078614
2016-02-07,5.106072439420142
2016-02-08,5.027851780677112
2016-02-09,5.097825792602329
2016-02-10,5.2033317224821385
2016-02-11,5.10279888810458
2016-02-12,4.474131168453252
2016-02-13,4.871015991725604
2016-02-14,4.803183442849671
2016-02-15,4.812024268625839
2016-02-16,4.945757817468797
2016-02-17,4.819118943629615
2016-02-18,4.58048900306065
2016-02-19,4.588770533527122
2016-02-20,4.599826772218094
2016-02-21,4.670144505015072
2016-02-22,4.463756040482838
2016-02-23,4.768350226788615
2016-02-24,4.625382455666098
2016-02-25,4.4289622565525475
2016-02-26,3.6225287989597037
2016-02-27,4.262245100678527
2016-02-28,4.207905367584175
2016-02-29,4.0706628195483106
2016-03-01,4.31796941551291
2016-03-02,4.205801585390137
2016-03-03,3.7182612350330273
2016-03-04,4.08035092086824
2016-03-05,4.037828894527213
2016-03-06,2.997930844042117
2016-03-07,2.903444707571341
2016-03-08,4.076760082431711
2016-03-09,4.047111901409135
2016-03-10,4.068594794736518
2016-03-11,3.6719562064132227
2016-03-12,3.4810970466952313
2016-03-13,3.943620388771175
2016-03-14,3.61472026427766
2016-03-15,3.4305950447210045
2016-03-16,3.266197084833271
2016-03-17,2.9165993232878145
2016-03-18,3.733016476377378
2016-03-19,3.7471443846565813
2016-03-20,3.6927632352521664
2016-03-21,3.4512417545014844
2016-03-22,3.6159746671741857
2016-03-23,3.5718303684868316
2016-03-24,2.8988699000101374
2016-03-25,3.326490476086857
2016-03-26,2.754729997237374
2016-03-27,2.5036214682907634
2016-03-28,3.0418362647794224
2016-03-29,2.870653366552398
2016-03-30,2.182985515517543
2016-03-31,1.9650202408241444
2016-04-01,1.9522500332481085
2016-04-02,2.135120846214522
2016-04-03,2.030696785054241
2016-04-04,1.9298531636971137
2016-04-05,1.9454650309833499
2016-04-06,2.52126668150734
2016-04-07,2.083903646393541
2016-04-08,2.6380144840873307
2016-04-09,2.8450782324417005
2016-04-10,2.567557722132077
2016-04-11,2.457310252505224
2016-04-12,1.5819197601540782
2016-04-13,1.7813637882741435
2016-04-14,1.3129187724391291
2016-04-15,1.3855265155184808
2016-04-16,1.3133256002400477
2016-04-17,1.0979719348524803
2016-04-18,1.4254175553335102
2016-04-19,1.740416505377111
2016-04-20,1.747094506921495
2016-04-21,1.7256555580130308
2016-04-22,1.4930113002628793
2016-04-23,1.1664024257333223
2016-04-24,1.0502374408357413
2016-04-25,1.6566452259963462
2016-04-26,1.81805713642644
2016-04-27,1.2194752683180112
2016-04-28,1.0493783383786415
2016-04-29,1.3673669371086248
2016-04-30,1.871528702470875
2016-05-01,1.1403273323358634
2016-05-02,1.010757733822687
2016-05-03,1.3312176071499116
2016-05-04,1.4472893804646443
2016-05-05,1.0422809467397596
2016-05-06,1.105146303808856
2016-05-07,1.1155785138547734
2016-05-08,1.0029896908971416
2016-05-09,1.0483281611211548
2016-05-10,0.9799983268427125
2016-05-11,1.0026616182973944
2016-05-12,0.9443682876740535
2016-05-13,0.8791005217654927
2016-05-14,0.8731913617570074
2016-05-15,0.9481621369763094
2016-05-16,0.9486927515384836
2016-05-17,0.9376249511158667
2016-05-18,0.808942417139949
2016-05-19,0.8180550797976176
2016-05-20,0.9009006657357903
2016-05-21,0.8557415196444921
2016-05-22,0.8954160629330362
2016-05-23,0.7863218425935157
2016-05-24,0.8096458063899014
2016-05-25,0.7655939121768279
2016-05-26,0.8170944188133852
2016-05-27,0.7627143850498911
2016-05-28,0.7259813488664677
2016-05-29,0.6662524530026258
2016-05-30,0.7634311924562044
2016-05-31,0.7410733972483045
2016-06-01,0.6996328473610237
2016-06-02,0.6028071097118889
2016-06-03,0.60017043035872
2016-06-04,0.6549599372314531
2016-06-05,0.6379038737981593
2016-06-06,1.0195017253751082
2016-06-07,1.0272729124885263
2016-06-08,1.0301715175345516
2016-06-09,0.5568786455057042
2016-06-10,0.8227340377976401
2016-06-11,1.1375102159675026
2016-06-12,0.6057787751478859
2016-06-13,0.6447357818558586
2016-06-14,0.6442683736735239
2016-06-15,0.6183338244589139
2016-06-16,0.7371603446014924
2016-06-17,1.0394469277600336
2016-06-18,1.133831805271661
2016-06-19,0.7704110425953589
2016-06-20,0.574713300964868
2016-06-21,0.7240477182977932
2016-06-22,1.0194996390948192
2016-06-23,0.6924024559073246
2016-06-24,0.596773569760571
2016-06-25,0.5888676427010047
2016-06-26,0.6821050713958919
2016-06-27,1.0837827604951094
2016-06-28,1.1683052488494754
2016-06-29,0.605391531863967
2016-06-30,0.6223620068566684
2016-07-01,0.5839169106038072
2016-07-02,0.5802988752577309
2016-07-03,0.6036929294369634
2016-07-04,0.8331374764708634
2016-07-05,1.0803425776012736
2016-07-06,1.1663342241016041
2016-07-07,1.073053574557653
2016-07-08,0.6653524572429493
2016-07-09,0.6309506630258466
2016-07-10,0.6251343540886212
2016-07-11,0.6540702002801894
2016-07-12,0.6469008527276648
2016-07-13,0.6310833887851841
2016-07-14,0.6954828195844776
2016-07-15,1.1246007788952919
2016-07-16,0.634275259677854
2016-07-17,0.6971399437769962
2016-07-18,0.9426523487394197
2016-07-19,0.7489600265650914
2016-07-20,0.8106989146764132
2016-07-21,1.0518058620091113
2016-07-22,1.0141889616432105
2016-07-23,0.7579555808998087
2016-07-24,0.8070824688502782
2016-07-25,0.7980438612837352
2016-07-26,0.8695050395657952
2016-07-27,0.8497757612189154
2016-07-28,0.9954005233880582
2016-07-29,1.3202919891491072
2016-07-30,1.0353181656958428
2016-07-31,0.9162999026977844
2016-08-01,1.2955800757297213
2016-08-02,1.2708725134612788
2016-08-03,1.1222630174551624
2016-08-04,1.7155140794415777
2016-08-05,1.7646372635033865
2016-08-06,1.526057185980059
2016-08-07,1.0879518044055407
2016-08-08,1.7859439792804424
2016-08-09,1.6275374803568776
2016-08-10,1.6235506233103265
2016-08-11,1.2203013131450189
2016-08-12,1.2342141188495668
2016-08-13,1.2113079774184619
2016-08-14,1.3032830819169214
2016-08-15,1.4635689142836226
2016-08-16,1.5714063825395077
2016-08-17,1.4200250549676188
2016-08-18,1.8883709840147507
2016-08-19,1.3198592239766127
2016-08-20,1.5891087235257975
2016-08-21,2.040532878434984
2016-08-22,2.2343125904062666
2016-08-23,1.210624169794115
2016-08-24,0.9805731937548086
2016-08-25,1.5795928327688946
2016-08-26,1.6439185273776127
2016-08-27,1.2813928745953516
2016-08-28,1.5530144620910342
2016-08-29,2.4048964628293525
2016-08-30,1.9044189422108568
2016-08-31,1.4331045818847772
2016-09-01,1.752100213101623
2016-09-02,2.33514712446959
2016-09-03,2.3593219702391446
2016-09-04,2.3594824257347495
2016-09-05,2.4551841840448136
2016-09-06,2.565290770482623
2016-09-07,2.4117936967564613
2016-09-08,2.010954617055086
2016-09-09,2.6030829045150523
2016-09-10,3.174681336003053
2016-09-11,1.9093720531280454
2016-09-12,1.8248338775676658
2016-09-13,2.721459347874098
2016-09-14,2.2781206965411607
2016-09-15,1.785532779560347
2016-09-16,1.762936520509317
2016-09-17,2.0477900509488647
2016-09-18,3.123360719114022
2016-09-19,3.310077081722357
2016-09-20,3.54037290121318
2016-09-21,3.5553363452630675
2016-09-22,3.594383265363152
2016-09-23,3.607878516959196
2016-09-24,3.4459642743670416
2016-09-25,2.4584311323068992
2016-09-26,3.2671512774963523
2016-09-27,3.635391162556236
2016-09-28,3.567936202397648
2016-09-29,1.8682938142371412
2016-09-30,2.8103971605718514
2016-10-01,2.800265299429072
2016-10-02,3.7424754738328767
2016-10-03,3.218207742775335
2016-10-04,2.731387248492973
2016-10-05,3.7671938986440083
2016-10-06,2.9848619963576173
2016-10-07,3.2803400807890863
2016-10-08,3.0452847588650127
2016-10-09,3.887322634096095
2016-10-10,3.6925342948992474
2016-10-11,2.677416341224518
2016-10-12,2.107626787088274
2016-10-13,3.1998645070995155
2016-10-14,2.6195358467702343
2016-10-15,2.238978448135822
2016-10-16,1.9674149533977392
2016-10-17,1.7207208455815408
2016-10-18,2.0105171229098038
2016-10-19,3.1555239269503046
2016-10-20,3.7953471029435204
2016-10-21,4.09027165751952
2016-10-22,3.645768074876928
2016-10-23,2.340009023019762
2016-10-24,3.0095415846343
2016-10-25,3.8036783473494187
2016-10-26,4.46892492077626
2016-10-27,4.703208321114892
2016-10-28,3.6861627261276895
2016-10-29,3.3131511035541625
2016-10-30,3.5230009905319775
2016-10-31,2.6955981532081976
2016-11-01,3.395503272413085
2016-11-02,3.8000282504011493
2016-11-03,4.573051763530465
2016-11-04,5.055139549063801
2016-11-05,5.242437955744277
2016-11-06,4.696518903594378
2016-11-07,4.540283497602632
2016-11-08,4.724267222634727
2016-11-09,4.843424112027517
2016-11-10,4.957749941367574
2016-11-11,4.851041272983718
2016-11-12,4.375432079677698
2016-11-13,4.416675512077357
2016-11-14,4.43979768716215
2016-11-15,4.674231934980498
2016-11-16,4.322303471096052
2016-11-17,4.888987830933671
2016-11-18,4.904956669925437
2016-11-19,4.545290529874455
2016-11-20,3.7917233858745925
2016-11-21,3.9629226114651797
2016-11-22,4.029177148593108
2016-11-23,3.1501660336815718
2016-11-24,4.325001371705932
2016-11-25,4.268613214504228
2016-11-26,4.210037533571766
2016-11-27,4.3845165894987845
2016-11-28,4.987252618125595
2016-11-29,4.88481328835507
2016-11-30,4.961967729705791
2016-12-01,4.974841582680819
2016-12-02,5.295814518156473
2016-12-03,4.96498503992248
2016-12-04,3.0709579490516217
2016-12-05,4.448018667251684
2016-12-06,4.8524066064430755
2016-12-07,4.88270755406744
2016-12-08,4.285659509016803
2016-12-09,2.1632437243413736
2016-12-10,4.0426640893259655
2016-12-11,5.125973861732505
2016-12-12,5.3464645851109704
2016-12-13,5.233191234106907
2016-12-14,5.264620625839292
2016-12-15,5.358362026679573
2016-12-16,4.911989791462973
2016-12-17,4.649660096797562
2016-12-18,5.125337437573759
2016-12-19,5.487418017918623
2016-12-20,5.174858574896867
2016-12-21,5.156756658027759
2016-12-22,4.939460457731671
2016-12-23,5.180007360733044
2016-12-24,5.0823940082759105
2016-12-25,3.8717758960450217
2016-12-26,2.959718081650393
2016-12-27,5.014798854611401
2016-12-28,5.406884168459335
2016-12-29,5.375930057452248
2016-12-30,5.410858225144404
2016-12-31,4.80755352132525
2017-01-01,5.278547063632536
2017-01-02,5.405164766947584
2017-01-03,5.137610609916428
2017-01-04,5.110012400513852
2017-01-05,5.2888323446550745
2017-01-06,5.298389145961926
2017-01-07,5.441811012050119
2017-01-08,4.889573114778041
2017-01-09,4.004724428984778
2017-01-10,4.619064333337642
2017-01-11,5.479016763295021
2017-01-12,5.461815523792514
2017-01-13,5.491490506414525
2017-01-14,4.960893149927707
2017-01-15,5.190829219099217
2017-01-16,5.335613061728259
2017-01-17,5.304509836815585
2017-01-18,5.389804702272867
2017-01-19,5.3535028933916315
2017-01-20,5.472744373793116
2017-01-21,5.581484228474219
2017-01-22,5.391244703960496
2017-01-23,5.289960877202886
2017-01-24,5.340854709944461
2017-01-25,5.3532556588978
2017-01-26,5.719580451813602
2017-01-27,5.652510414865994
2017-01-28,5.650689622730534
2017-01-29,5.5981113633309745
2017-01-30,5.000299367362556
2017-01-31,5.123576356006908
2017-02-01,5.055384492289797
2017-02-02,4.764609350018457
2017-02-03,3.3571186412619647
2017-02-04,3.3353382542057393
2017-02-05,4.982156911946358
2017-02-06,4.922520962705696
2017-02-07,4.928965562183054
2017-02-08,4.534531532713565
2017-02-09,4.301865799686711
2017-02-10,3.7589968256423223
2017-02-11,4.781676863496857
2017-02-12,4.796623241446624
2017-02-13,4.810151991216883
2017-02-14,5.105024956111484
2017-02-15,4.800664493884615
2017-02-16,4.297166914594205
2017-02-17,4.406077277063247
2017-02-18,4.662283002418239
2017-02-19,4.797469235175076
2017-02-20,4.673825346663395
2017-02-21,5.009580304059223
2017-02-22,4.920177098823488
2017-02-23,4.577615441990363
2017-02-24,4.3015640781427456
2017-02-25,4.037584893745347
2017-02-26,3.4789202296653716
2017-02-27,4.350187426322585
2017-02-28,4.6893204591736435
2017-03-01,3.62705407621441
2017-03-02,3.4734620562505936
2017-03-03,3.29851343464233
2017-03-04,3.6607318984194026
2017-03-05,3.2075857914237482
2017-03-06,4.196474178760132
2017-03-07,3.2662384779705493
2017-03-08,3.9280282326026446
2017-03-09,3.2882204455112745
2017-03-10,3.9742986685528363
2017-03-11,3.858549222005286
2017-03-12,3.822224700176687
2017-03-13,3.602046154439514
2017-03-14,2.857289499958126
2017-03-15,3.923852127141582
2017-03-16,3.7582167652459333
2017-03-17,3.4367108331269565
2017-03-18,3.8442982970086343
2017-03-19,3.715721668728993
2017-03-20,3.214955612941963
2017-03-21,3.711880996525887
2017-03-22,3.7003279728754146
2017-03-23,3.8293489166909342
2017-03-24,1.8849921537253225
2017-03-25,2.3906151511404885
2017-03-26,3.3942828028437204
2017-03-27,3.5086428021459026
2017-03-28,3.5192370497783827
2017-03-29,2.7543052872728815
2017-03-30,3.32087756441499
2017-03-31,3.3039483689765525
2017-04-01,2.2318226981667646
2017-04-02,3.161317077077414
2017-04-03,2.5860937825340256
2017-04-04,2.4093035979709883
2017-04-05,3.109677474776664
2017-04-06,2.3601305302545863
2017-04-07,1.649160092232635
2017-04-08,1.8776954799320666
2017-04-09,2.4304413555523765
2017-04-10,2.6382079581021514
2017-04-11,2.6276627201678573
2017-04-12,2.745044895333674
2017-04-13,2.828285132841958
2017-04-14,2.0703845043139566
2017-04-15,1.9559313470768644
2017-04-16,1.7155402185671493
2017-04-17,1.9270110920973629
2017-04-18,1.661834636477775
2017-04-19,1.5600801777171431
2017-04-20,1.1034151645820531
2017-04-21,1.528719728433971
2017-04-22,1.6032734376965205
2017-04-23,1.684484471253964
2017-04-24,1.5203928104253717
2017-04-25,1.5150143458185148
2017-04-26,2.046319683906366
2017-04-27,1.9524287674985243
2017-04-28,2.0029191282200305
2017-04-29,1.9926413530161304
2017-04-30,1.9888929144959784
2017-05-01,1.59166033334459
2017-05-02,1.1933029169190266
2017-05-03,1.5547446404500282
2017-05-04,1.6546628564731087
2017-05-05,1.769096527829082
2017-05-06,1.1259341805282308
2017-05-07,1.075821048591842
2017-05-08,1.105176232605954
2017-05-09,1.183127889256808
2017-05-10,1.0216614482870043
2017-05-11,0.84887096076552
2017-05-12,0.9165336409990903
2017-05-13,1.0365998445006255
2017-05-14,1.0235353902969961
2017-05-15,1.0002408463640944
2017-05-16,0.9004229272529898
2017-05-17,0.807110878356663
2017-05-18,0.7152694582410858
2017-05-19,1.0087317263681657
2017-05-20,1.3599283974357375
2017-05-21,0.7275547393922621
2017-05-22,0.8011512537451349
2017-05-23,0.6824295240380693
2017-05-24,0.6920035141799166
2017-05-25,0.6946847175813617
2017-05-26,0.7446735596215148
2017-05-27,1.2366456629196667
2017-05-28,0.7445093363754631
2017-05-29,0.8058456242758347
2017-05-30,0.8741724612610567
2017-05-31,1.1226043214036616
2017-06-01,1.153815830712959
2017-06-02,0.6510719942590131
2017-06-03,0.8029331244449637
2017-06-04,1.116856137911063
2017-06-05,1.1292255638470896
2017-06-06,1.0807263322427625
2017-06-07,0.5309438442932429
2017-06-08,0.6076931825054918
2017-06-09,0.601052497351915
2017-06-10,1.1408466653421405
2017-06-11,1.1464434283839167
2017-06-12,1.0020398102106847
2017-06-13,0.573654541288622
2017-06-14,0.567891415856343
2017-06-15,0.7735156419325525
2017-06-16,0.6128914703398617
2017-06-17,0.5772559075846123
2017-06-18,0.9335334894337953
2017-06-19,0.5103256380178427
2017-06-20,0.5523794892947804
2017-06-21,0.5882533829849877
2017-06-22,0.5922256610886883
2017-06-23,0.6503161151696186
2017-06-24,0.6443069267727776
2017-06-25,0.6518915623258648
2017-06-26,0.6386177961946413
2017-06-27,0.6985217601387703
2017-06-28,1.1445798564280545
2017-06-29,1.1809869528582408
2017-06-30,1.034354881612307
2017-07-01,1.1442383336844058
2017-07-02,1.152343855588944
2017-07-03,0.6021351455303385
2017-07-04,0.621525477136034
2017-07-05,0.5690853857994176
2017-07-06,0.567574728822488
2017-07-07,0.6072446792218112
2017-07-08,0.6419150741243423
2017-07-09,0.9443223394207936
2017-07-10,0.7038524391333326
2017-07-11,0.9542811456672357
2017-07-12,0.7072866167098001
2017-07-13,0.6978852317882448
2017-07-14,0.7250148634906517
2017-07-15,0.5679117717109727
2017-07-16,0.5719277406104165
2017-07-17,1.043876875354274
2017-07-18,1.2167629720477322
2017-07-19,1.281187854059896
2017-07-20,1.370668824562698
2017-07-21,1.4446440345975209
2017-07-22,0.6909791461227934
2017-07-23,0.746940834338464
2017-07-24,0.8667338688731903
2017-07-25,0.9963095033678324
2017-07-26,1.4632923658522687
2017-07-27,1.5089017152635074
2017-07-28,1.2516491965691756
2017-07-29,0.9773446319224749
2017-07-30,0.9653141778757247
2017-07-31,0.8863673416108222
2017-08-01,0.8337080242946222
2017-08-02,1.0284152561070536
2017-08-03,1.5643139626877618
2017-08-04,0.9414102988207662
2017-08-05,0.8003214568569209
2017-08-06,1.0549130622564293
2017-08-07,0.9276981931609066
2017-08-08,1.1018853330797553
2017-08-09,0.9499830640722713
2017-08-10,0.947646121247353
2017-08-11,0.8439819898365524
2017-08-12,1.0229900691191471
2017-08-13,0.855049376484493
2017-08-14,1.6925451076188651
2017-08-15,1.160239906604855
2017-08-16,2.008363610230635
2017-08-17,2.088256090489687
2017-08-18,1.2640759340848102
2017-08-19,1.3110259983875174
2017-08-20,1.9079278105887134
2017-08-21,1.9640197348358965
2017-08-22,1.3836547611284742
2017-08-23,1.3890069156734832
2017-08-24,1.3527775911389928
2017-08-25,1.4266051645960314
2017-08-26,1.4516533489999484
2017-08-27,1.3996613531637474
2017-08-28,1.1979888625184933
2017-08-29,1.5068758274241474
2017-08-30,2.320023485452593
2017-08-31,2.4959558115809912
2017-09-01,1.6979247900281773
2017-09-02,1.654510583546944
2017-09-03,1.175899576924847
2017-09-04,2.2548220590296926
2017-09-05,1.8914874485256183
2017-09-06,2.0456503778069903
2017-09-07,2.473974902590607
2017-09-08,1.190778275504947
2017-09-09,1.3382682961008918
2017-09-10,1.4382680997796546
2017-09-11,1.4002649815778598
2017-09-12,1.7473278620499912
2017-09-13,1.657192943744056
2017-09-14,2.025072614595125
2017-09-15,2.794391261748255
2017-09-16,2.91495179006056
2017-09-17,3.2762682547264483
2017-09-18,2.2732400803823807
2017-09-19,1.4361520121662834
2017-09-20,2.0498080512366434
2017-09-21,3.164430482579021
2017-09-22,3.166798058412907
2017-09-23,3.3389212261695835
2017-09-24,3.0095040197304272
2017-09-25,2.9713898497738715
2017-09-26,2.631844716513648
2017-09-27,2.4320263018654207
2017-09-28,2.021334969837231
2017-09-29,1.9264622786542798
2017-09-30,1.6187788151286597
2017-10-01,2.5829577839526547
2017-10-02,2.3845971548971767
2017-10-03,2.9813245277772107
2017-10-04,2.2203075867685245
2017-10-05,1.9336426764862387
2017-10-06,3.16410148138624
2017-10-07,2.7478273835141067
2017-10-08,2.466455589567366
2017-10-09,2.9021968709529244
2017-10-10,2.6178132617574446
2017-10-11,2.338969498449396
2017-10-12,2.7528753975737663
2017-10-13,3.614085323627167
2017-10-14,3.9638616739842245
2017-10-15,4.118400408368069
2017-10-16,3.382663956888084
2017-10-17,2.7682928912382274
2017-10-18,2.873827259070576
2017-10-19,3.8806484343272505
2017-10-20,2.178797683804144
2017-10-21,4.043115575905544
2017-10-22,3.7527220849747773
2017-10-23,3.376982513909498
2017-10-24,4.1337739265610605
2017-10-25,4.425862868301085
2017-10-26,3.815363474086325
2017-10-27,4.172295972036335
2017-10-28,2.846084177301493
2017-10-29,2.1722424503427895
2017-10-30,3.9707609576474
2017-10-31,3.357201690111792
2017-11-01,2.118757354656634
2017-11-02,2.39160548732819
2017-11-03,2.615052169645485
2017-11-04,2.196441526249433
2017-11-05,3.6341787961829204
2017-11-06,3.2636504371352086
2017-11-07,2.5560837950978472
2017-11-08,3.114940043945802
2017-11-09,4.339095110913844
2017-11-10,4.650166084462182
2017-11-11,4.832937201797385
2017-11-12,4.977278111929472
2017-11-13,5.027986258612173
2017-11-14,4.9657731557317035
2017-11-15,3.2956254841711887
2017-11-16,4.612011836302702
2017-11-17,4.243286487437531
2017-11-18,4.637422122162294
2017-11-19,4.763648688411943
2017-11-20,4.322467351606217
2017-11-21,4.692180586224891
2017-11-22,4.781256327867064
2017-11-23,4.919486760259766
2017-11-24,4.777982064945934
2017-11-25,4.868823523092657
2017-11-26,5.007179024050738
2017-11-27,5.046166380370645
2017-11-28,4.610825817734623
2017-11-29,4.177957836755244
2017-11-30,4.662618462960689
2017-12-01,4.581761526780156
2017-12-02,4.513727642672731
2017-12-03,3.763777850032335
2017-12-04,4.788246632453715
2017-12-05,4.579155028656532
2017-12-06,4.321555614394163
2017-12-07,5.246977571231726
2017-12-08,4.630351575571287
2017-12-09,5.2072920673447225
2017-12-10,5.1778953101689424
2017-12-11,5.058737236201538
2017-12-12,3.870459912764001
2017-12-13,4.091984578829109
2017-12-14,5.3586200216505855
2017-12-15,5.315681585382292
2017-12-16,5.001761128005257
2017-12-17,5.251749725615062
2017-12-18,4.6816968941608
2017-12-19,5.252595990812985
2017-12-20,5.236297675487883
2017-12-21,5.316530250776549
2017-12-22,5.148575655018945
2017-12-23,5.0717522980052365
2017-12-24,5.0193743376433
2017-12-25,5.166257989346461
2017-12-26,5.459114649004828
2017-12-27,5.268079172629189
2017-12-28,5.317675761468517
2017-12-29,5.450378651096685
2017-12-30,5.225301309352743
2017-12-31,3.6635459948495415
2018-01-01,4.523322296017993
2018-01-02,4.825380367523063
2018-01-03,5.246643900691892
2018-01-04,5.11090264114891
2018-01-05,4.47809083991785
2018-01-06,5.439441451323532
2018-01-07,5.539819722339477
2018-01-08,5.099082619867621
2018-01-09,5.014720012351635
2018-01-10,5.462908153098016
2018-01-11,5.481943683201995
2018-01-12,4.83020994337833
2018-01-13,4.166714394042734
2018-01-14,4.686351638065134
2018-01-15,3.068367868722785
2018-01-16,4.664346550100428
2018-01-17,5.162893510939355
2018-01-18,5.045900238517207
2018-01-19,5.128742422139726
2018-01-20,4.919554775687382
2018-01-21,4.100460658098793
2018-01-22,4.614493695462433
2018-01-23,4.495054131214901
2018-01-24,5.027745513897391
2018-01-25,5.0816684114797885
2018-01-26,5.011073033741472
2018-01-27,5.065088510500303
2018-01-28,5.034291271053668
2018-01-29,5.129945449176197
2018-01-30,5.082664005224318
2018-01-31,5.2411450246667055
2018-02-01,5.205403683118224
2018-02-02,5.287599450182012
2018-02-03,4.970485077172526
2018-02-04,5.196880646237359
2018-02-05,4.6261056373938585
2018-02-06,4.752730807871686
2018-02-07,5.107120508667138
2018-02-08,4.82794384625093
2018-02-09,4.589532844076471
2018-02-10,4.2621462361087925
2018-02-11,4.572262828447263
2018-02-12,4.6360278184969985
2018-02-13,4.8316346780326525
2018-02-14,4.971797507970405
2018-02-15,5.011706919301771
2018-02-16,4.99149984427481
2018-02-17,4.955858541608215
2018-02-18,4.6247754017795915
2018-02-19,3.8342699312013315
2018-02-20,3.695306070990834
2018-02-21,4.762464867183767
2018-02-22,4.705521894874348
2018-02-23,3.650470792775024
2018-02-24,4.178400133463639
2018-02-25,4.454173248614094
2018-02-26,4.4749549875549555
2018-02-27,3.5431837074116994
2018-02-28,4.3553671319784035
2018-03-01,4.2362262227212035
2018-03-02,4.52732138231179
2018-03-03,4.309090541291077
2018-03-04,4.369239721877679
2018-03-05,4.318177782659722
2018-03-06,4.292572956125887
2018-03-07,3.751525931169727
2018-03-08,4.125299814192969
2018-03-09,4.170317087228925
2018-03-10,3.4455431937992165
2018-03-11,3.916981397148855
2018-03-12,3.7813937262039654
2018-03-13,3.8126106601807734
2018-03-14,3.6641814334882685
2018-03-15,3.6477330724066026
2018-03-16,3.691929973299317
2018-03-17,3.0540684877900657
2018-03-18,2.7688234270160765
2018-03-19,3.609363063318363
2018-03-20,3.6164040977054808
2018-03-21,3.663901664768356
2018-03-22,3.4860190448135357
2018-03-23,2.90433273587262
2018-03-24,3.4828179403504045
2018-03-25,3.226625878058303
2018-03-26,2.657121039235462
2018-03-27,3.4149411378379795
2018-03-28,3.4573309510533314
2018-03-29,3.5136416508351043
2018-03-30,3.3767781626752025
2018-03-31,3.3694901115196214
2018-04-01,3.239648879922331
2018-04-02,3.330157547213159
2018-04-03,3.21395748720408
2018-04-04,3.2667263724388493
2018-04-05,2.9254179672102736
2018-04-06,1.7824402610524825
2018-04-07,1.9841112365757
2018-04-08,2.9667811863380633
2018-04-09,2.873203069939194
2018-04-10,1.8387796908036202
2018-04-11,1.8995080962238144
2018-04-12,2.5682425765617922
2018-04-13,2.801970528198422
2018-04-14,2.636978035616206
2018-04-15,2.5227008115374563
2018-04-16,2.0229791857333366
2018-04-17,2.2438020826290455
2018-04-18,1.9745597621011506
2018-04-19,2.436621287776552
2018-04-20,2.569580473671529
2018-04-21,2.5249877684017044
2018-04-22,2.5557949660185257
2018-04-23,1.6424327643714867
2018-04-24,2.38652050108697
2018-04-25,2.0122263722998666
2018-04-26,1.756554417040493
2018-04-27,1.6351464159035374
2018-04-28,1.2972984321382808
2018-04-29,1.9613038121288502
2018-04-30,1.5319661587350997
2018-05-01,1.7531481630129735
2018-05-02,1.7073096211751666
2018-05-03,1.3641875429469443
2018-05-04,1.861313857833852
2018-05-05,2.0367769781276857
2018-05-06,1.4666370814268022
2018-05-07,1.256847336078614
2018-05-08,1.2998043112290751
2018-05-09,1.0632096425336024
2018-05-10,1.4981331159563678
2018-05-11,1.6976984029704285
2018-05-12,1.3944792925996095
2018-05-13,0.8544287312160879
2018-05-14,1.097639543886179
2018-05-15,0.8173504072842108
2018-05-16,0.8486255553515873
2018-05-17,1.189362311042927
2018-05-18,1.5119440794667156
2018-05-19,1.391600617156508
2018-05-20,1.1193929131292504
2018-05-21,1.35513699252368
2018-05-22,1.5061747713708664
2018-05-23,1.4110751557113905
2018-05-24,1.2945987647569068
2018-05-25,1.2696623811608498
2018-05-26,0.7889808450828408
2018-05-27,0.988354825021172
2018-05-28,0.6581289090416489
2018-05-29,0.7172066683180677
2018-05-30,0.6836467197928631
2018-05-31,0.6357429199461678
2018-06-01,1.1399015308815048
2018-06-02,1.1352843171303773
2018-06-03,0.6439391352087289
2018-06-04,0.5609599145198911
2018-06-05,0.49924319158459757
2018-06-06,1.0135480289412155
2018-06-07,1.0048846614447122
2018-06-08,0.4940820643255149
2018-06-09,0.6198526001459284
2018-06-10,0.5587397331750751
2018-06-11,0.5254211171100629
2018-06-12,0.7006203864523337
2018-06-13,0.5439486714655217
2018-06-14,0.4964595256675401
2018-06-15,0.5248951778374801
2018-06-16,1.080485229827413
2018-06-17,1.111318699191835
2018-06-18,1.1198027378132551
2018-06-19,0.6938978703660946
2018-06-20,0.7983828849337008
2018-06-21,1.0748369082622056
2018-06-22,0.6689249465051957
2018-06-23,0.5877792387407519
2018-06-24,0.6020482456504663
2018-06-25,0.5267416877904681
2018-06-26,0.583283973668689
2018-06-27,1.0196560819558345
2018-06-28,0.6651509273475463
2018-06-29,0.5777183204369721
2018-06-30,0.6349849712224869
2018-07-01,0.5627520147296572
2018-07-02,0.6042641811058324
2018-07-03,0.6144770286991158
2018-07-04,0.5979874689847754
2018-07-05,0.5770159530771264
2018-07-06,0.6797693265716951
2018-07-07,0.7128270200890682
2018-07-08,0.9818233382587104
2018-07-09,1.0856756762093163
2018-07-10,0.5822812182857416
2018-07-11,0.6689435874278903
2018-07-12,1.0683916317449385
2018-07-13,1.115933619468653
2018-07-14,1.3832776536236715
2018-07-15,0.6955877544561162
2018-07-16,0.7025167776294966
2018-07-17,0.6723699106127472
2018-07-18,0.633731671631489
2018-07-19,0.775961644481149
2018-07-20,1.1338940174057635
2018-07-21,1.011032971855574
2018-07-22,0.920717985318203
2018-07-23,1.2159388429422318
2018-07-24,1.29280604626688
2018-07-25,1.2524996727007445
2018-07-26,0.8019646760558026
2018-07-27,0.660232871362995
2018-07-28,0.9714347973122518
2018-07-29,1.3065474060151354
2018-07-30,1.4203271109941527
2018-07-31,1.3749620600473487
2018-08-01,1.3170015176141485
2018-08-02,0.7588861666001036
2018-08-03,0.9576506621525386
2018-08-04,0.8836272612591574
2018-08-05,0.8865962038127754
2018-08-06,0.8502130429424017
2018-08-07,0.9921722856225054
2018-08-08,1.604117573895949
2018-08-09,1.2998401443711392
2018-08-10,1.850339600893021
2018-08-11,1.797101694166516
2018-08-12,1.4283918476644037
2018-08-13,1.2860850290768158
2018-08-14,1.8270776667656656
2018-08-15,1.840225516078647
2018-08-16,2.023298346808768
2018-08-17,1.4323063291802003
2018-08-18,1.1532280326376414
2018-08-19,1.8730940983305002
2018-08-20,1.9211293454553482
2018-08-21,1.7830310483413252
2018-08-22,1.1311871856744693
2018-08-23,1.0137364872355528
2018-08-24,1.9156855569580888
2018-08-25,2.1353024911214624
2018-08-26,2.1882510837057394
2018-08-27,2.1670702754006848
2018-08-28,1.4392974693015435
2018-08-29,1.7516483759387589
2018-08-30,1.4599996275687128
2018-08-31,1.1780670214629105
2018-09-01,1.6526470336901764
2018-09-02,2.5030459796567004
2018-09-03,2.525953221236207
2018-09-04,2.569238315702712
2018-09-05,1.9578677147327521
2018-09-06,2.1458253862555563
2018-09-07,2.846197653857623
2018-09-08,2.756840420042348
2018-09-09,2.6543828662757076
2018-09-10,2.7668061034775615
2018-09-11,2.2751496825989386
2018-09-12,2.1706768568470185
2018-09-13,2.789188213683836
2018-09-14,2.425305671177767
2018-09-15,1.2267772698311161
2018-09-16,2.126358417268727
2018-09-17,1.5120493409027054
2018-09-18,1.6061149251354019
2018-09-19,1.5947933335694067
2018-09-20,1.5765470771394134
2018-09-21,3.045960490824501
2018-09-22,2.683200176412426
2018-09-23,2.2758801686548358
2018-09-24,2.2401508541815915
2018-09-25,1.9967920263888566
2018-09-26,1.6931442025226922
2018-09-27,1.5747637581020888
2018-09-28,1.8034210173549121
2018-09-29,1.4998836102588744
2018-09-30,1.6106306472875422
2018-10-01,2.559562103760408
2018-10-02,3.2420619548382534
2018-10-03,3.4222315516192627
2018-10-04,2.9157564778791634
2018-10-05,3.2142971205985758
2018-10-06,3.478583015537268
2018-10-07,2.2324050209120734
2018-10-08,2.1714379945108617
2018-10-09,2.1755572692499707
2018-10-10,2.222302757428701
2018-10-11,2.3357585179392797
2018-10-12,2.49430602503087
2018-10-13,2.376072489768646
2018-10-14,3.7520695282442427
2018-10-15,3.906878124990435
2018-10-16,2.099395175634672
2018-10-17,2.871685136120315
2018-10-18,3.7585083783690396
2018-10-19,3.8657010294730663
2018-10-20,3.9813962758381374
2018-10-21,3.759297984062739
2018-10-22,2.983175013954064
2018-10-23,3.0668356400384162
2018-10-24,2.8145379831570656
2018-10-25,2.289444851451512
2018-10-26,3.78148036354484
2018-10-27,2.9096366112197716
2018-10-28,2.9083186358657396
2018-10-29,2.461457450866853
2018-10-30,2.8053673299114745
2018-10-31,3.395936642231195
2018-11-01,2.535510445852359
2018-11-02,3.052984887607065
2018-11-03,4.313966055524243
2018-11-04,4.434487476399227
2018-11-05,4.242079256518766
2018-11-06,4.409701740590653
2018-11-07,4.588508727314041
2018-11-08,4.755094758232395
2018-11-09,3.913210225866956
2018-11-10,4.236320944452958
2018-11-11,3.428788486960681
2018-11-12,2.556989113363219
2018-11-13,3.3289507890587524
2018-11-14,4.025101200095386
2018-11-15,4.705566951344131
2018-11-16,4.411206139765974
2018-11-17,3.930759390974222
2018-11-18,4.876005191206562
2018-11-19,4.9057630909250065
2018-11-20,5.055847210627684
2018-11-21,5.138927581752155
2018-11-22,4.899446215481041
2018-11-23,4.5098242418172685
2018-11-24,4.904520219074951
2018-11-25,4.050685197580881
2018-11-26,5.002260689576497
2018-11-27,4.997857061497384
2018-11-28,4.959155593128825
2018-11-29,4.90861854479975
2018-11-30,4.287249728637032
2018-12-01,4.68334234149888
2018-12-02,3.603886643379036
2018-12-03,4.512852860359303
2018-12-04,2.7292602581297483
2018-12-05,3.535244340633617
2018-12-06,4.826562142904084
2018-12-07,5.061664900996035
2018-12-08,4.057734832699845
2018-12-09,5.001493608362581
2018-12-10,5.111581884314146
2018-12-11,4.638600025974078
2018-12-12,5.007553000998438
2018-12-13,4.68160645968727
2018-12-14,4.728172108880379
2018-12-15,5.090983548488889
2018-12-16,5.306805779282351
2018-12-17,5.385708335812008
2018-12-18,5.320259230564277
2018-12-19,5.234125115090857
2018-12-20,5.214864953200161
2018-12-21,5.366805987308263
2018-12-22,5.335075217428183
2018-12-23,5.46810902949584
2018-12-24,5.67339287435666
2018-12-25,5.594237382962404
2018-12-26,5.451688211085588
2018-12-27,5.4862037411448075
2018-12-28,5.412873441441153
2018-12-29,5.212418029731012
2018-12-30,5.137295304126664
2018-12-31,5.343823803738519
2019-01-01,5.250239696403508
2019-01-02,5.22029498810558
2019-01-03,5.215725183731532
2019-01-04,5.353162740545894
2019-01-05,5.382834825415787
2019-01-06,4.543612665810474
2019-01-07,4.198055636187581
2019-01-08,3.826374076850462
2019-01-09,3.48805823222359
2019-01-10,5.153917453447273
2019-01-11,5.080043225994045
2019-01-12,4.783204607872887
2019-01-13,3.946672595238197
2019-01-14,3.504928548862619
2019-01-15,5.214897478292528
2019-01-16,5.0874112202050705
2019-01-17,4.8379800100332675
2019-01-18,5.255378283647638
2019-01-19,5.443451975732699
2019-01-20,5.046422906428294
2019-01-21,5.400602209792943
2019-01-22,5.180491824229998
2019-01-23,5.364338251081501
2019-01-24,5.427574929942218
2019-01-25,5.142811291273598
2019-01-26,5.365017272586367
2019-01-27,5.360838409250233
2019-01-28,5.32884468977505
2019-01-29,5.2328791476716985
2019-01-30,5.500320329275782
2019-01-31,5.230371821935331
2019-02-01,5.2152447994368
2019-02-02,4.995074502406364
2019-02-03,5.334641165441599
2019-02-04,5.473688245539727
2019-02-05,5.594078029172414
2019-02-06,5.4951614880565565
2019-02-07,4.877468171095487
2019-02-08,5.193622750716099
2019-02-09,5.054984492698518
2019-02-10,4.299432481799717
2019-02-11,3.6055250852176393
2019-02-12,4.097467835994584
2019-02-13,4.685573180707437
2019-02-14,4.837448891444569
2019-02-15,5.087908164326196
2019-02-16,3.8384232881759734
2019-02-17,4.953619611399674
2019-02-18,4.870623475062332
2019-02-19,4.877722837338582
2019-02-20,4.921467943844407
2019-02-21,4.916056042064171
2019-02-22,4.456401142691419
2019-02-23,4.705063700926493
2019-02-24,4.594960826309897
2019-02-25,4.43392712235969
2019-02-26,4.327789539916504
2019-02-27,4.504401788758039
2019-02-28,4.3491766338446665
2019-03-01,4.334294897395037
2019-03-02,4.549337511222162
2019-03-03,3.7740767258271655
2019-03-04,3.4042308015118157
2019-03-05,4.293290457706019
2019-03-06,4.1781725645006285
2019-03-07,3.7055189643954494
2019-03-08,4.186148618314694
2019-03-09,3.268786909399375
2019-03-10,3.63304788274589
2019-03-11,3.9601391203860183
2019-03-12,4.096924231593789
2019-03-13,3.539463473334494
2019-03-14,4.122091847959928
2019-03-15,3.9453478286515944
2019-03-16,3.542553057013299
2019-03-17,3.8397181030737646
2019-03-18,3.225030838625991
2019-03-19,3.4509001783168314
2019-03-20,3.1203512807105573
2019-03-21,3.4020916531263765
2019-03-22,3.5810369840154053
2019-03-23,3.8290307532160037
2019-03-24,3.5925939714734305
2019-03-25,3.6590067304948186
2019-03-26,3.685304779784744
2019-03-27,3.553039295035331
2019-03-28,2.649186584585268
2019-03-29,2.9903237295268106
2019-03-30,2.4195429783125
2019-03-31,2.3253919102495475
2019-04-01,3.3805767370103283
2019-04-02,3.4486737549802426
2019-04-03,3.408450785314576
2019-04-04,2.245466584514665
2019-04-05,3.3314916369484036
2019-04-06,3.2946013596697523
2019-04-07,3.1380263940150472
2019-04-08,3.1117858995886505
2019-04-09,1.8271661918393056
2019-04-10,1.9934767477543363
2019-04-11,2.9408572062749045
2019-04-12,1.8289781273737595
2019-04-13,1.3559206000192232
2019-04-14,1.8883672434590972
2019-04-15,2.5199139533950987
2019-04-16,2.6467422441397583
2019-04-17,2.3615258701697255
2019-04-18,1.678380559138723
2019-04-19,1.6992108221313735
2019-04-20,1.5666780793070292
2019-04-21,2.3793467571413784
2019-04-22,2.2261391399177626
2019-04-23,1.493644429889422
2019-04-24,1.083431889450652
2019-04-25,1.5333819395601398
2019-04-26,2.349844871352738
2019-04-27,2.407338075417109
2019-04-28,2.335718001473657
2019-04-29,1.5283203967640706
2019-04-30,1.6873199103397751
2019-05-01,1.887379665496751
2019-05-02,1.0820518182477108
2019-05-03,1.2387203469069357
2019-05-04,1.2747422106845498
2019-05-05,1.3330190545714222
2019-05-06,1.1568086680627854
2019-05-07,1.3449654410280576
2019-05-08,1.0271128098566769
2019-05-09,0.9926430894455918
2019-05-10,1.4748596086818138
2019-05-11,1.7568174070701241
2019-05-12,1.6438570608180192
2019-05-13,1.7421326217194109
2019-05-14,1.8075290456418276
2019-05-15,1.4569885594566303
2019-05-16,0.9713108133498273
2019-05-17,0.9327726998704857
2019-05-18,1.0430192366577737
2019-05-19,0.8400347648735726
2019-05-20,0.7327684155981832
2019-05-21,1.0370553460581289
2019-05-22,1.3645017565283275
2019-05-23,1.3174054880755854
2019-05-24,0.6510313373566171
2019-05-25,0.7227021134046334
2019-05-26,0.722373397142299
2019-05-27,0.8978201624808746
2019-05-28,0.9211150932525488
2019-05-29,0.7037978575203512
2019-05-30,0.7742396848964263
2019-05-31,0.7381575677663313
2019-06-01,0.680090540142695
2019-06-02,0.7033648881711791
2019-06-03,0.7807984340353152
2019-06-04,0.6024092953658255
2019-06-05,0.8340722636447889
2019-06-06,0.7145119914483267
2019-06-07,1.2765421325051907
2019-06-08,1.1998975631259459
2019-06-09,1.0818780381584145
2019-06-10,0.500335051041458
2019-06-11,0.6058734553048969
2019-06-12,0.5533139481927224
2019-06-13,0.5925295299489345
2019-06-14,0.5939164816826813
2019-06-15,0.5790274742737059
2019-06-16,0.9337196414002105
2019-06-17,0.5514668942618747
2019-06-18,0.9172318869140303
2019-06-19,0.6008381778965989
2019-06-20,0.5475523059305829
2019-06-21,0.6361782339623967
2019-06-22,0.7768334047665252
2019-06-23,0.5833804115081102
2019-06-24,0.5566302757883909
2019-06-25,0.9399908046564179
2019-06-26,0.5281228781846267
2019-06-27,0.5477196651060526
2019-06-28,0.5428935543235196
2019-06-29,0.6101516314614257
2019-06-30,0.5785473642506194
2019-07-01,1.0234164226781126
2019-07-02,0.7707293969485275
2019-07-03,1.041737188613676
2019-07-04,1.1502345720382336
2019-07-05,1.1927506102764318
2019-07-06,0.7422138498343271
2019-07-07,0.6857662038802095
2019-07-08,0.7374045402330006
2019-07-09,0.6824834165718829
2019-07-10,0.9912633893032464
2019-07-11,0.6752145460118129
2019-07-12,0.7012307902231727
2019-07-13,1.1268465999752524
2019-07-14,1.0876821031308972
2019-07-15,1.2689461696124102
2019-07-16,1.2958728014592396
2019-07-17,0.7703187334524448
2019-07-18,0.7848484229435221
2019-07-19,0.804545149886278
2019-07-20,0.6919312469898418
2019-07-21,0.690387769028374
2019-07-22,0.6836963295887711
2019-07-23,1.30171563710532
2019-07-24,1.264331403574767
2019-07-25,0.8580481382567797
2019-07-26,0.8434476498445723
2019-07-27,0.776242471444008
2019-07-28,0.919735011785332
2019-07-29,0.9311726497782118
2019-07-30,1.3503634440055177
2019-07-31,1.0407529859454117
2019-08-01,1.100003547628092
2019-08-02,1.4793887071510023
2019-08-03,1.3510624322317124
2019-08-04,1.5598212452833284
2019-08-05,1.7563493101385015
2019-08-06,0.9266352851478467
2019-08-07,1.0453686306587036
2019-08-08,1.6077869470856239
2019-08-09,1.5724871251534474
2019-08-10,1.0851797569829371
2019-08-11,1.4081115519015803
2019-08-12,1.615301359248051
2019-08-13,1.5316118991980523
2019-08-14,1.2889557110760388
2019-08-15,1.3855594031072804
2019-08-16,1.088107552755953
2019-08-17,1.2900578589523535
2019-08-18,0.994828756731672
2019-08-19,0.9925841157734145
2019-08-20,1.4590359384062614
2019-08-21,1.4365040907521918
2019-08-22,2.2873978092384575
2019-08-23,2.0432278253699394
2019-08-24,1.5373794368991531
2019-08-25,1.3904262100466704
2019-08-26,1.684864273139054
2019-08-27,2.392030289805779
2019-08-28,2.1477461625267975
2019-08-29,1.973332045888894
2019-08-30,1.9981501557294779
2019-08-31,2.390616725105489
2019-09-01,2.3975540264732382
2019-09-02,2.4315359541784947
2019-09-03,2.1762077400846915
2019-09-04,1.4907856084950515
2019-09-05,1.2344012098704398
2019-09-06,1.3796880996578618
2019-09-07,1.5929219413204072
2019-09-08,1.618323900083097
2019-09-09,1.334666211886085
2019-09-10,1.7756398644140694
2019-09-11,2.0381989483773193
2019-09-12,2.812410910664241
2019-09-13,2.9110589811045076
2019-09-14,1.6557090293784542
2019-09-15,1.6128059665407772
2019-09-16,2.100377162844301
2019-09-17,2.9563263046421193
2019-09-18,3.092644941203792
2019-09-19,2.2062330417773084
2019-09-20,2.9276776589067586
2019-09-21,3.0199456078026814
2019-09-22,3.165912319227179
2019-09-23,2.9825106766369793
2019-09-24,3.4682176309928634
2019-09-25,3.5273598189442428
2019-09-26,2.4665541609739288
2019-09-27,2.2256316120535966
2019-09-28,3.5565554370787957
2019-09-29,3.1146285322242067
2019-09-30,1.6260581226035191
2019-10-01,1.455411661940547
2019-10-02,2.4964594812363963
2019-10-03,2.552316310467708
2019-10-04,3.3196064899627986
2019-10-05,3.2370670900496408
2019-10-06,3.5685255140538916
2019-10-07,3.2082020045597153
2019-10-08,3.3409721156175776
2019-10-09,2.80119849609456
2019-10-10,2.789922510901932
2019-10-11,2.936486455965922
2019-10-12,2.3226859796088175
2019-10-13,2.4959470888475517
2019-10-14,1.9987194429046433
2019-10-15,3.3703976430197256
2019-10-16,2.59689809284622
2019-10-17,2.8160525397881804
2019-10-18,3.727886035004516
2019-10-19,2.902228039685453
2019-10-20,2.857836183199678
2019-10-21,3.95785356391106
2019-10-22,4.040252217660948
2019-10-23,3.4178258137531983
2019-10-24,3.4241229104274726
2019-10-25,3.2813004760097497
2019-10-26,3.38590730523341
2019-10-27,2.810712802160881
2019-10-28,3.2988163816098033
2019-10-29,3.5001076923775005
2019-10-30,4.120802106971845
2019-10-31,4.076863494583536
2019-11-01,3.670400635290235
2019-11-02,4.457954038760921
2019-11-03,4.6536495599027266
2019-11-04,3.154429650023375
2019-11-05,4.144393268283615
2019-11-06,4.661174700322869
2019-11-07,4.599042465409922
2019-11-08,3.380415599461011
2019-11-09,4.846910511669151
2019-11-10,4.908438055118279
2019-11-11,4.603973037027004
2019-11-12,4.758690833775263
2019-11-13,4.9483375920815496
2019-11-14,4.414417196761481
2019-11-15,5.136915403671264
2019-11-16,4.980339977014931
2019-11-17,4.696122737399416
2019-11-18,4.567355762253141
2019-11-19,4.962584592682953
2019-11-20,4.995043093339462
2019-11-21,4.515374031806014
2019-11-22,5.222130352993284
2019-11-23,4.821746782019044
2019-11-24,3.5107757579339176
2019-11-25,2.7514334488587613
2019-11-26,4.468552134570415
2019-11-27,4.6426461772200796
2019-11-28,4.747107286531109
2019-11-29,4.694739904579409
2019-11-30,4.956135262174663
2019-12-01,5.014087618948658
2019-12-02,4.7426228074093375
2019-12-03,4.855879254199453
2019-12-04,4.814559325697748
2019-12-05,5.02841038372892
2019-12-06,4.8919189599507655
2019-12-07,4.866993254549309
2019-12-08,5.033431272353722
2019-12-09,5.1027658840942856
2019-12-10,5.074612469993745
2019-12-11,5.102987919534939
2019-12-12,5.103224599174777
2019-12-13,4.834927881804305
2019-12-14,3.6191901713700187
2019-12-15,4.707142161474303
2019-12-16,5.064422186797278
2019-12-17,5.074047017511664
2019-12-18,5.027047176545538
2019-12-19,3.9383821397966976
2019-12-20,5.249315816894573
2019-12-21,5.083905066964032
2019-12-22,5.2126264469013694
2019-12-23,5.369064078135597
2019-12-24,5.398709769065556
2019-12-25,5.230141669906272
2019-12-26,5.261785475852771
2019-12-27,5.235188956830805
2019-12-28,5.349109153906398
2019-12-29,4.9107616892028085
2019-12-30,5.490354492084582
2019-12-31,5.315459487105726
2020-01-01,5.256118267908679
2020-01-02,5.323848761827238
2020-01-03,5.432683361287933
2020-01-04,5.458667182106387
2020-01-05,4.214953273800701
2020-01-06,4.158175538883353
2020-01-07,4.945143627217486
2020-01-08,4.302006496576351
2020-01-09,5.097758395535129
2020-01-10,5.168428676171863
2020-01-11,5.205295649177315
2020-01-12,5.17783598817555
2020-01-13,5.399676834680833
2020-01-14,5.218809671937832
2020-01-15,5.252647793764402
2020-01-16,5.097032495032462
2020-01-17,4.919257803408552
2020-01-18,4.513076366358945
2020-01-19,4.083199458113258
2020-01-20,4.933862924359897
2020-01-21,5.438501445261649
2020-01-22,5.38429748636738
2020-01-23,5.422363303251557
2020-01-24,5.042788947039829
2020-01-25,5.187464992230172
2020-01-26,5.1564666291865935
2020-01-27,5.1404825824320834
2020-01-28,4.742542829049446
2020-01-29,4.5030240450896875
2020-01-30,4.599538626802958
2020-01-31,4.980314553035182
2020-02-01,5.169138132015496
2020-02-02,5.164608140521829
2020-02-03,4.957354451004025
2020-02-04,4.852470624719377
2020-02-05,4.542254026259396
2020-02-06,4.571148433038135
2020-02-07,4.748891638167037
2020-02-08,4.905411926145293
2020-02-09,4.903350977738981
2020-02-10,5.054321016355909
2020-02-11,5.109736927283049
2020-02-12,4.622860168688391
2020-02-13,4.648873256273725
2020-02-14,4.751148282517936
2020-02-15,4.68334035740707
2020-02-16,4.80152880245819
2020-02-17,4.349319763482709
2020-02-18,4.6839378835242815
2020-02-19,4.607604494998055
2020-02-20,4.716152915622835
2020-02-21,4.812244642879544
2020-02-22,4.701677912325576
2020-02-23,4.630033289264008
2020-02-24,3.679818471174854
2020-02-25,4.38213348108994
2020-02-26,4.421732803513026
2020-02-27,4.29424442428345
2020-02-28,4.58720814283951
2020-02-29,4.644657201725511
2020-03-01,4.453750622416213
2020-03-02,4.539069928664311
2020-03-03,4.458382221691504
2020-03-04,4.489458072161855
2020-03-05,4.035402869616399
2020-03-06,4.333475598780481
2020-03-07,4.174297937839102
2020-03-08,4.277967251046872
2020-03-09,4.323112463613998
2020-03-10,4.133445253859297
2020-03-11,3.4123621430315834
2020-03-12,3.888189602664356
2020-03-13,4.170295974065289
2020-03-14,3.8547839931530103
2020-03-15,3.951143689150903
2020-03-16,3.8213754708251058
2020-03-17,3.767937356465279
2020-03-18,3.7674738649902717
2020-03-19,3.7349222182492388
2020-03-20,3.7019310638743623
2020-03-21,3.1842175202299408
2020-03-22,3.3007781012572037
2020-03-23,3.3962246549132846
2020-03-24,3.032642748392974
2020-03-25,2.920765781075826
2020-03-26,3.594882169233071
2020-03-27,2.6944985536183026
2020-03-28,2.638917135718305
2020-03-29,2.7848857566210694
2020-03-30,2.9608733574008124
2020-03-31,2.8333827713732522
2020-04-01,2.8582025545486656
2020-04-02,3.0634292909656047
2020-04-03,2.8006399498719077
2020-04-04,2.2825191959466204
2020-04-05,2.7826547051648323
2020-04-06,2.9862519262027294
2020-04-07,2.5419947552299775
2020-04-08,2.7895489236663367
2020-04-09,2.2727801982760183
2020-04-10,2.19098078511422
2020-04-11,1.7460465977387885
2020-04-12,1.5208279563952587
2020-04-13,1.9798563580677644
2020-04-14,2.1057307318592904
2020-04-15,1.8304948400315977
2020-04-16,2.4661549462982317
2020-04-17,2.4924098067851665
2020-04-18,2.4768993651252638
2020-04-19,2.806491926474679
2020-04-20,2.5193701907840813
2020-04-21,1.857905273268411
2020-04-22,1.6366773524131515
2020-04-23,1.3071711547108746
2020-04-24,1.4326730093656406
2020-04-25,1.9402501478493253
2020-04-26,1.6284081737720213
2020-04-27,1.3158658792537052
2020-04-28,1.5861786564086509
2020-04-29,1.9472251683542252
2020-04-30,1.988766355480952
2020-05-01,1.90676788350753
2020-05-02,1.2702124183893146
2020-05-03,1.3141440296900542
2020-05-04,1.2657924583815015
2020-05-05,1.85963729242665
2020-05-06,1.7498118827788878
2020-05-07,1.6745619331122825
2020-05-08,1.6132802285206944
2020-05-09,1.801973620784074
2020-05-10,1.812087131113335
2020-05-11,1.6905377795140293
2020-05-12,0.9042630866461856
2020-05-13,1.5777257340084538
2020-05-14,1.3861272685007073
2020-05-15,1.3876233522806074
2020-05-16,1.6568446898925402
2020-05-17,1.6028935561531463
2020-05-18,1.3994440317331636
2020-05-19,0.7787759812297609
2020-05-20,0.7506815143709232
2020-05-21,0.843072175087654
2020-05-22,1.2420264204794458
2020-05-23,1.2741921772267282
2020-05-24,1.3769386094391607
2020-05-25,1.41843916239404
2020-05-26,1.6304506940993704
2020-05-27,0.7227284515275195
2020-05-28,0.7413396162014847
2020-05-29,0.6805396819897146
2020-05-30,0.7400208439349497
2020-05-31,0.8385744870476317
2020-06-01,0.7790912042114693
2020-06-02,0.6596425679205673
2020-06-03,0.6289280581279135
2020-06-04,0.9945280751125758
2020-06-05,1.195204964412779
2020-06-06,1.1088171562737394
2020-06-07,0.7106728704664612
2020-06-08,0.6064120735334844
2020-06-09,0.5588136012678163
2020-06-10,1.1080153544792386
2020-06-11,0.5765531055262769
2020-06-12,0.5871636979764498
2020-06-13,1.0727633287588823
2020-06-14,1.0985539577764312
2020-06-15,0.6386167607998513
2020-06-16,0.619803476634538
2020-06-17,0.591600161202694
2020-06-18,0.5662208058593217
2020-06-19,0.6146300464353243
2020-06-20,0.6209211263954367
2020-06-21,0.6145246257593429
2020-06-22,0.5727996754597076
2020-06-23,0.5785005623872242
2020-06-24,0.5496606218829577
2020-06-25,0.5424863386934334
2020-06-26,0.543665389939052
2020-06-27,0.5481616289694423
2020-06-28,0.5760868806800006
2020-06-29,0.5902083801114528
2020-06-30,0.6125761323341216
2020-07-01,0.6355522519398523
2020-07-02,0.6807224048364499
2020-07-03,0.7811840924129392
2020-07-04,0.5592826920866004
2020-07-05,0.6165735009012897
2020-07-06,0.6090694116081128
2020-07-07,0.5984982216671612
2020-07-08,0.6403483589041731
2020-07-09,0.6700972400182088
2020-07-10,0.6848396643969236
2020-07-11,0.7163558322756806
2020-07-12,0.7757780158083928
2020-07-13,1.2615022558967113
2020-07-14,1.2366357019124117
2020-07-15,1.22090825928117
2020-07-16,0.7218053982716464
2020-07-17,0.7075139242905888
2020-07-18,0.6665177988893287
2020-07-19,0.8345234615895893
2020-07-20,0.8428885712735225
2020-07-21,0.6748248909331513
2020-07-22,0.8141084851981453
2020-07-23,0.8007141032825764
2020-07-24,1.1085121905831028
2020-07-25,0.7396634579594927
2020-07-26,0.7117046551504451
2020-07-27,0.7942430726132584
2020-07-28,1.478046369321779
2020-07-29,1.5033815520136455
2020-07-30,0.9231113050825599
2020-07-31,0.9601433433301788
2020-08-01,0.9146932944280729
2020-08-02,1.423465870558765
2020-08-03,1.6882221395925103
2020-08-04,1.1728700952458426
2020-08-05,1.2262747856647533
2020-08-06,1.1999524249714881
2020-08-07,1.489998100897032
2020-08-08,1.473131586843689
2020-08-09,1.3509541513063628
2020-08-10,1.5297917390082358
2020-08-11,1.7529367242621263
2020-08-12,1.7651388025630839
2020-08-13,1.4547872104898323
2020-08-14,1.2151521557531064
2020-08-15,1.8186923568622144
2020-08-16,1.8813714621485993
2020-08-17,1.924525701168826
2020-08-18,1.2395318134625877
2020-08-19,1.3136826858841257
2020-08-20,2.004333233505712
2020-08-21,2.161240774210285
2020-08-22,2.163852772828884
2020-08-23,1.2525691882257397
2020-08-24,1.39223747560176
2020-08-25,1.344841047048871
2020-08-26,1.3186794093060856
2020-08-27,2.029917408994399
2020-08-28,1.1377598751400055
2020-08-29,1.6705242226835046
2020-08-30,2.355033428586093
2020-08-31,2.436289457799169
2020-09-01,1.165805409895824
2020-09-02,1.8972375575896039
2020-09-03,1.976368375821408
2020-09-04,1.664378959784973
2020-09-05,1.8775231554249838
2020-09-06,2.4922582428610904
2020-09-07,2.454690106791065
2020-09-08,1.4001483361712213
2020-09-09,2.115541802669097
2020-09-10,2.9891048556548694
2020-09-11,2.9659304301895415
2020-09-12,2.854106464473573
2020-09-13,2.873698969896308
2020-09-14,2.940120787527386
2020-09-15,2.50221274160212
2020-09-16,2.2546013648020002
2020-09-17,3.3168925309992807
2020-09-18,3.205909342978522
2020-09-19,3.3480850753782243
2020-09-20,3.443619314689307
2020-09-21,2.851188885594104
2020-09-22,2.8999141513086655
2020-09-23,2.9016145419226813
2020-09-24,3.091647244609518
2020-09-25,1.4988319672794455
2020-09-26,2.2861238892917934
2020-09-27,3.2550035007690132
2020-09-28,3.152466681947793
2020-09-29,2.209826730037181
2020-09-30,2.5340595796315712
2020-10-01,2.4354052044228687
2020-10-02,3.26939485539013
2020-10-03,3.0692121547345774
2020-10-04,2.9552531448736903
2020-10-05,3.049430753862735
2020-10-06,2.711434794285955
2020-10-07,3.765796626968751
2020-10-08,3.792957216649943
2020-10-09,3.898715048675621
2020-10-10,4.168505489768234
2020-10-11,3.9466039363373735
2020-10-12,3.943491057116074
2020-10-13,3.7258855781694673
2020-10-14,3.4719173307780276
2020-10-15,4.325426275308056
2020-10-16,3.8058930870172696
2020-10-17,4.334967037923317
2020-10-18,4.279213090110054
2020-10-19,3.753293458976979
2020-10-20,4.244647365711252
2020-10-21,4.418987123621022
2020-10-22,4.345173912511115
2020-10-23,4.4768786792261395
2020-10-24,3.9833847580650565
2020-10-25,2.919711933563835
2020-10-26,4.385852472182398
2020-10-27,2.514551552114751
2020-10-28,3.7501937350531787
2020-10-29,4.338438278271055
2020-10-30,4.44558104307625
2020-10-31,4.6893644219124235
2020-11-01,4.386118391177958
2020-11-02,4.580630872173972
2020-11-03,4.395424560680756
2020-11-04,4.218543780950171
2020-11-05,4.670768149195852
2020-11-06,4.488078240628575
2020-11-07,4.7304494447897945
2020-11-08,4.685343692699179
2020-11-09,4.705350152585006
2020-11-10,4.911491446969072
2020-11-11,3.8364962925125283
2020-11-12,4.4910982416468626
2020-11-13,2.461722494329939
2020-11-14,3.28030529390832
2020-11-15,4.624335900980305
2020-11-16,4.53823847723568
2020-11-17,3.0680770285457606
2020-11-18,4.606583011933547
2020-11-19,3.6851723736196775
2020-11-20,2.8865089238979906
2020-11-21,4.615509943891113
2020-11-22,4.673967346281399
2020-11-23,4.932497583576361
2020-11-24,4.815390293835038
2020-11-25,4.868564057643123
2020-11-26,4.892869845206311
2020-11-27,4.906073635803683
2020-11-28,4.980334819224174
2020-11-29,5.035169873531655
2020-11-30,5.1681126726557745
2020-12-01,4.527152584565535
2020-12-02,4.914473267353887
2020-12-03,5.012206269347842
2020-12-04,4.816433997746645
2020-12-05,5.003874310376811
2020-12-06,5.171072877246957
2020-12-07,5.159341188077674
2020-12-08,4.994417486605842
2020-12-09,5.2438644173133415
2020-12-10,4.757654170949395
2020-12-11,5.038824100492888
2020-12-12,4.946071051039935
2020-12-13,5.227893531803997
2020-12-14,5.017373567950339
2020-12-15,5.144232773038677
2020-12-16,5.111091013081981
2020-12-17,5.044272136743583
2020-12-18,3.6552868465082695
2020-12-19,4.515599562473429
2020-12-20,5.02913910401211
2020-12-21,5.179270848073343
2020-12-22,5.239270020579117
2020-12-23,5.351120196684808
2020-12-24,5.311809349360275
2020-12-25,5.223831869858473
2020-12-26,5.302712854835055
2020-12-27,5.087007396539194
2020-12-28,5.425062242837221
2020-12-29,5.065764883271397
2020-12-30,5.208076001860886
2020-12-31,5.032902945617714
2021-01-01,5.012847335206169
2021-01-02,4.843813212245283
2021-01-03,4.838888722501837
2021-01-04,5.206051659133306
2021-01-05,4.8994141458236
2021-01-06,5.139076125053023
2021-01-07,5.2444227072509975
2021-01-08,4.81782263057019
2021-01-09,4.586499558496908
2021-01-10,4.94510344099877
2021-01-11,4.999320992068988
2021-01-12,5.152884774981424
2021-01-13,4.966377450149973
2021-01-14,5.054933237321394
2021-01-15,4.980083755409058
2021-01-16,5.054460902671709
2021-01-17,5.009070769595926
2021-01-18,5.176635881245482
2021-01-19,5.073163465068464
2021-01-20,5.21110565379532
2021-01-21,5.202876496829621
2021-01-22,5.419354579687039
2021-01-23,5.3450688653421725
2021-01-24,5.332098132039747
2021-01-25,5.208941183102387
2021-01-26,4.919309351694107
2021-01-27,4.885675406078922
2021-01-28,4.139288817290139
2021-01-29,2.2910872182952757
2021-01-30,2.4784456054943984
2021-01-31,3.1374327396427093
2021-02-01,3.5890998000163563
2021-02-02,3.853171786769369
2021-02-03,4.951435907804156
2021-02-04,5.178688103810104
2021-02-05,4.281727527079336
2021-02-06,3.7311261298664338
2021-02-07,3.131212363056297
2021-02-08,4.819229657382987
2021-02-09,4.789139288440478
2021-02-10,4.8695459540453365
2021-02-11,3.300654153899817
2021-02-12,2.8029280274299433
2021-02-13,3.6460845952978844
2021-02-14,3.97008329020636
2021-02-15,3.7514873879464905
2021-02-16,3.0010711619754047
2021-02-17,3.6109810632710557
2021-02-18,4.142941065010281
2021-02-19,4.603022022403852
2021-02-20,4.720089505383137
2021-02-21,4.610795354294404
2021-02-22,4.449904494622945
2021-02-23,4.477690558667927
2021-02-24,4.4708519614570275
2021-02-25,4.706362131941603
2021-02-26,4.715174133447834
2021-02-27,4.694891721243533
2021-02-28,4.4938206370724565
2021-03-01,3.8053971464938954
2021-03-02,3.5140877748750357
2021-03-03,4.249554171090852
2021-03-04,4.637639388637124
2021-03-05,4.510829110278381
2021-03-06,4.455085116156646
2021-03-07,4.516472442494365
2021-03-08,4.36230385799596
2021-03-09,4.1602420961970665
2021-03-10,3.818844549736773
2021-03-11,3.0404058538919787
2021-03-12,3.1533436394512537
2021-03-13,3.9912384155961473
2021-03-14,4.021172431639486
2021-03-15,1.9819326618478814
2021-03-16,1.8572016127826696
2021-03-17,2.449867610467275
2021-03-18,2.1786595876871337
2021-03-19,2.0972137952980976
2021-03-20,3.1321984996013517
2021-03-21,2.62422687105442
2021-03-22,3.218349489255275
2021-03-23,3.6083468531271166
2021-03-24,3.5843265898692716
2021-03-25,2.444088397084689
2021-03-26,3.2098273294172337
2021-03-27,3.1246519660206404
2021-03-28,3.2589143214876595
2021-03-29,3.094925572516253
2021-03-30,3.422646666815871
2021-03-31,3.3656999986854954
2021-04-01,2.2430293791705997
2021-04-02,2.693516634629991
2021-04-03,3.1915060705915237
2021-04-04,2.3155334446105678
2021-04-05,2.0763529906895153
2021-04-06,3.1905202963122106
2021-04-07,3.1588147643572815
2021-04-08,2.1546220901575466
2021-04-09,2.8066431758053434
2021-04-10,2.0335287770310173
2021-04-11,2.666750663887105
2021-04-12,2.6068346091092263
2021-04-13,2.644435538362777
2021-04-14,2.7465419933291946
2021-04-15,2.824692465372697
2021-04-16,2.7304658642162125
2021-04-17,1.867562603000283
2021-04-18,1.694155874429664
2021-04-19,2.586730123877395
2021-04-20,1.4642977396098587
2021-04-21,1.5303931553309975
2021-04-22,1.7997054880080352
2021-04-23,1.0296544143572877
2021-04-24,1.9846918122212673
2021-04-25,2.263712531294955
2021-04-26,2.279406427527581
2021-04-27,2.082672844927377
2021-04-28,2.2141158945883395
2021-04-29,2.2052377710870728
2021-04-30,1.3036737878482079
2021-05-01,1.271436233246769
2021-05-02,1.0725251106752167
2021-05-03,1.268882120727364
2021-05-04,1.3250180343005127
2021-05-05,1.937424959592715
2021-05-06,1.9225301941198714
2021-05-07,1.0616846921621803
2021-05-08,1.054543405786413
2021-05-09,1.191417717771126
2021-05-10,1.7952475697564283
2021-05-11,1.7019383227617584
2021-05-12,1.5983596356399123
2021-05-13,0.9351039626858343
2021-05-14,0.9808605138569518
2021-05-15,0.9238441320076114
2021-05-16,0.9329713409527657
2021-05-17,0.8367834339160214
2021-05-18,0.763852875815891
2021-05-19,0.8691673640068178
2021-05-20,0.7882926044133374
2021-05-21,0.8222589592621009
2021-05-22,1.216678513956157
2021-05-23,1.042660769404609
2021-05-24,0.9843351094208027
2021-05-25,1.3983480311293495
2021-05-26,1.3595272359855497
2021-05-27,0.9559928994356809
2021-05-28,1.038448217950343
2021-05-29,0.764723578860711
2021-05-30,0.766252265124051
2021-05-31,0.6715511569711229
2021-06-01,0.7176029765521537
2021-06-02,0.8133164775828786
2021-06-03,1.3225858842456508
2021-06-04,0.7496334131919916
2021-06-05,0.7134015303466865
2021-06-06,0.6790700731770872
2021-06-07,0.6362977338434073
2021-06-08,1.1668166759969187
2021-06-09,0.6509709848675956
2021-06-10,0.6961467358561352
2021-06-11,0.8302426862510102
2021-06-12,1.1064036125166203
2021-06-13,0.9825025875829846
2021-06-14,0.5664468123428463
2021-06-15,0.6090840942114001
2021-06-16,0.6189062622870423
2021-06-17,1.2280512075001533
2021-06-18,0.6131168956296285
2021-06-19,0.5966198758499345
2021-06-20,0.5891343478929739
2021-06-21,0.5396165387446165
2021-06-22,0.5215836802238246
2021-06-23,0.5799030206672001
2021-06-24,0.5906524767557
2021-06-25,0.5589632011609885
2021-06-26,0.569869856120582
2021-06-27,0.9666179917107663
2021-06-28,0.9212401310442949
2021-06-29,0.37021535475982287
2021-06-30,0.5425508687877912
2021-07-01,0.545549706371207
2021-07-02,0.9625543806339045
2021-07-03,0.5141032970538603
2021-07-04,1.0658497016031392
2021-07-05,0.9740642312280481
2021-07-06,0.6260726342552462
2021-07-07,1.0953069194425433
2021-07-08,0.7968215502180458
2021-07-09,0.6534191406136131
2021-07-10,1.062681427957616
2021-07-11,0.568100621708928
2021-07-12,0.611367509357812
2021-07-13,0.828766966909773
2021-07-14,1.105982726045908
2021-07-15,1.0838135421557522
2021-07-16,0.819571341829813
2021-07-17,1.1729390435916616
2021-07-18,1.1333508861348998
2021-07-19,1.212458276338539
2021-07-20,1.1576199813193726
2021-07-21,0.6571887432667776
2021-07-22,0.7094478276782452
2021-07-23,0.7812682069017398
2021-07-24,0.7179415838201165
2021-07-25,0.7779814184728057
2021-07-26,0.8743846439129798
2021-07-27,1.3939087710445504
2021-07-28,1.330455281449268
2021-07-29,1.304459609217445
2021-07-30,1.3929647553624158
2021-07-31,1.351531267774449
2021-08-01,1.4660044689760778
2021-08-02,1.4458609751999216
2021-08-03,1.651501455328697
2021-08-04,1.7769786969872305
2021-08-05,0.9336299805581058
2021-08-06,0.9447776002030008
2021-08-07,0.8226100822692222
2021-08-08,0.8533673186354117
2021-08-09,1.1687163734550545
2021-08-10,1.6842051041531023
2021-08-11,1.6114975829232288
2021-08-12,1.170487932060727
2021-08-13,1.2371706732188434
2021-08-14,1.0945453633862572
2021-08-15,0.9048435973624787
2021-08-16,0.9724056797481451
2021-08-17,1.0372405235745628
2021-08-18,0.971650444398873
2021-08-19,1.1044842140828548
2021-08-20,1.102659890667705
2021-08-21,1.1668442516269584
2021-08-22,1.2132770336197103
2021-08-23,1.1128469248086261
2021-08-24,1.36972834665246
2021-08-25,1.1483630851018305
2021-08-26,1.5799256449478618
2021-08-27,1.1648700033607169
2021-08-28,1.4461210826804305
2021-08-29,2.80343709912546
2021-08-30,1.5513091800365535
2021-08-31,1.5760548264841179
2021-09-01,1.6329599698162063
2021-09-02,2.0042866702498032
2021-09-03,1.2377388681065622
2021-09-04,1.9576863829272644
2021-09-05,2.2334259607108873
2021-09-06,1.4071049239380722
2021-09-07,1.2645135478610325
2021-09-08,2.2517782645892557
2021-09-09,2.4399819256526936
2021-09-10,2.2079793754224237
2021-09-11,1.293300405239122
2021-09-12,1.5144639819357093
2021-09-13,1.6082554110375267
2021-09-14,2.5072820922399406
2021-09-15,2.592380733449696
2021-09-16,2.7213717075890895
2021-09-17,2.8322354088420036
2021-09-18,2.374649574188251
2021-09-19,1.8015574057360604
2021-09-20,2.4661562684668086
2021-09-21,2.5913509962022343
2021-09-22,2.0840655652524647
2021-09-23,2.7893499222343516
2021-09-24,3.254254902679673
2021-09-25,2.4981483517373313
2021-09-26,3.539790481758955
2021-09-27,3.197420989648709
2021-09-28,3.4988681885752246
2021-09-29,2.378671750973895
2021-09-30,2.78333548854981
2021-10-01,3.454779289772904
2021-10-02,2.6405770003475664
2021-10-03,3.4454765734020483
2021-10-04,3.540681149131539
2021-10-05,3.660078349188333
2021-10-06,3.7130896406189846
2021-10-07,3.7564265780845245
2021-10-08,1.9368305347927088
2021-10-09,3.326881055484223
2021-10-10,2.4873459391546144
2021-10-11,3.7008135203568613
2021-10-12,2.4018789384897783
2021-10-13,2.41928802174425
2021-10-14,2.0156024383586657
2021-10-15,3.610482040392772
2021-10-16,3.734663404741377
2021-10-17,3.386569913672547
2021-10-18,3.841588574329227
2021-10-19,4.103135294130822
2021-10-20,3.1933003276968974
2021-10-21,3.3199049374060645
2021-10-22,2.4372049170047974
2021-10-23,3.8216334283768583
2021-10-24,4.182340135551172
2021-10-25,4.341254043004945
2021-10-26,4.569336754902721
2021-10-27,4.597363361838057
2021-10-28,4.486019918823945
2021-10-29,4.697488596870113
2021-10-30,4.400515100449546
2021-10-31,3.7941504941497137
2021-11-01,3.502705490003717
2021-11-02,4.027029041728817
2021-11-03,4.083832675275346
2021-11-04,2.783686746858359
2021-11-05,4.405507877655335
2021-11-06,4.391564836499516
2021-11-07,4.539225262303916
2021-11-08,4.624983278380177
2021-11-09,4.848777796131044
2021-11-10,4.178330461653188
2021-11-11,4.540154354948011
2021-11-12,4.529259838811305
2021-11-13,3.5697867966356855
2021-11-14,4.606780105264739
2021-11-15,4.377950828076984
2021-11-16,4.650558767003288
2021-11-17,4.705201296683905
2021-11-18,4.842774785211318
2021-11-19,4.977349684793724
2021-11-20,4.859004002798543
2021-11-21,4.978672834929704
2021-11-22,5.0647599151925
2021-11-23,5.226723504493176
2021-11-24,3.9139228363966225
2021-11-25,4.871379585785782
2021-11-26,5.098110723163542
2021-11-27,3.094175631073128
2021-11-28,4.826209296915883
2021-11-29,4.842600124070579
2021-11-30,4.7325317549978045
2021-12-01,4.90063409268461
2021-12-02,4.8903107437940525
2021-12-03,5.0634701135508715
2021-12-04,5.055185008665255
2021-12-05,5.132786068027839
2021-12-06,5.241069155332537
2021-12-07,4.8191938951518365
2021-12-08,5.22815158607197
2021-12-09,5.345361437153032
2021-12-10,5.380061679039089
2021-12-11,3.0163735818081374
2021-12-12,3.402049086388615
2021-12-13,4.8237345010154
2021-12-14,4.956482137480466
2021-12-15,5.106394189624937
2021-12-16,5.205118582216709
2021-12-17,5.172651127036916
2021-12-18,5.332818480375009
2021-12-19,5.451554009567504
2021-12-20,5.4579951908225315
2021-12-21,5.426726183522719
2021-12-22,5.43711597004477
2021-12-23,5.290111121561125
2021-12-24,5.41455787191684
2021-12-25,5.479386940461643
2021-12-26,5.489336889665636
2021-12-27,4.940955373406374
2021-12-28,5.123708238269613
2021-12-29,4.59364525005114
2021-12-30,4.35615425922351
2021-12-31,5.273430987930602
2022-01-01,5.068676528968703
2022-01-02,5.117748744084033
2022-01-03,5.221147742792459
2022-01-04,5.444510588253858
2022-01-05,5.502472176026266
2022-01-06,5.447223762367298
2022-01-07,5.395898308080292
2022-01-08,5.464561687353553
2022-01-09,4.956519878545383
2022-01-10,5.064324616440048
2022-01-11,4.750079545691384
2022-01-12,5.570531829671472
2022-01-13,5.3632648574142054
2022-01-14,5.200414117897502
2022-01-15,5.240811146870649
2022-01-16,2.8935815358478063
2022-01-17,2.7715051625960503
2022-01-18,4.613838364397003
2022-01-19,4.829573606061474
2022-01-20,4.520564789951786
2022-01-21,4.824271519288134
2022-01-22,4.801753590657797
2022-01-23,5.014047071674472
2022-01-24,5.091011952792
2022-01-25,5.166295145840229
2022-01-26,5.2505195070764605
2022-01-27,5.213727333920839
2022-01-28,4.903903228565921
2022-01-29,5.155128340349712
2022-01-30,4.945013769559801
2022-01-31,5.130884639981285
2022-02-01,4.849341810752189
2022-02-02,5.110485946176384
2022-02-03,4.272342688601516
2022-02-04,4.484020756419451
2022-02-05,5.061031370312205
2022-02-06,5.043818312092267
2022-02-07,5.070127628565455
2022-02-08,5.0279605915695225
2022-02-09,4.7346919365443485
2022-02-10,3.8723261857779723
2022-02-11,3.66818432793358
2022-02-12,4.389086822943158
2022-02-13,4.667178930118055
2022-02-14,4.861394999374019
2022-02-15,4.48327090285329
2022-02-16,4.853099789231515
2022-02-17,4.765205514631653
2022-02-18,4.671293296728561
2022-02-19,4.433718793855315
2022-02-20,4.120659898980859
2022-02-21,4.436364334890411
2022-02-22,4.030316750323577
2022-02-23,2.921881075541477
2022-02-24,3.9435982031354446
2022-02-25,4.397472556522326
2022-02-26,4.433023321352432
2022-02-27,4.44598005767395
2022-02-28,4.298805369962165
2022-03-01,4.187125197027427
2022-03-02,4.3636424458462875
2022-03-03,4.49647306554477
2022-03-04,3.9161910001884688
2022-03-05,3.377019381753159
2022-03-06,3.0236044946870173
2022-03-07,3.9464631588976538
2022-03-08,4.106215945830901
2022-03-09,4.05118930354187
2022-03-10,4.048649253024813
2022-03-11,4.100579545272209
2022-03-12,4.065398755910382
2022-03-13,4.082311246973587
2022-03-14,4.101422751844109
2022-03-15,3.9912825683586712
2022-03-16,3.2222231724014008
2022-03-17,2.4567035972271194
2022-03-18,3.823795569360665
2022-03-19,2.3208911731482122
2022-03-20,2.2446095473273417
2022-03-21,3.4109622395728367
2022-03-22,3.5659444054866096
2022-03-23,3.4390523459717395
2022-03-24,3.3320577747369122
2022-03-25,3.3008977312429613
2022-03-26,3.4955950939436415
2022-03-27,2.8893069585347533
2022-03-28,3.084002634570013
2022-03-29,3.2692933027210986
2022-03-30,2.964080147209699
2022-03-31,2.8359193320977223
2022-04-01,2.955689128390972
2022-04-02,3.07486411079021
2022-04-03,3.1834136565977156
2022-04-04,3.072362397053554
2022-04-05,3.0232325741248864
2022-04-06,2.993803983421097
2022-04-07,2.951893587621324
2022-04-08,3.0089735462202474
2022-04-09,2.186510502907606
2022-04-10,2.67805390766504
2022-04-11,2.8086541706995454
2022-04-12,1.796295290746561
2022-04-13,2.552007399965957
2022-04-14,2.726148151395206
2022-04-15,1.7229326719838192
2022-04-16,2.261850758783215
2022-04-17,2.579016882691349
2022-04-18,2.5157512804011004
2022-04-19,1.4386185891475751
2022-04-20,2.1127084414345254
2022-04-21,1.4633077975136488
2022-04-22,1.4225681626912736
2022-04-23,1.9092608193222207
2022-04-24,1.9244639837418636
2022-04-25,1.607549444819858
2022-04-26,1.0965803252169108
2022-04-27,1.0132628959438008
2022-04-28,1.787861997141195
2022-04-29,2.078316133856122
2022-04-30,2.174857039869779
2022-05-01,2.110974851510707
2022-05-02,2.1120651297509414
2022-05-03,1.801781002667973
2022-05-04,1.1558191998425522
2022-05-05,1.1924566194959259
2022-05-06,1.202799791314621
2022-05-07,1.8162999563758968
2022-05-08,0.8277970118290712
2022-05-09,1.15690882994476
2022-05-10,1.0420021015043288
2022-05-11,1.0533184463814604
2022-05-12,0.9503328751388493
2022-05-13,1.3896411024298294
2022-05-14,0.9466939341720233
2022-05-15,1.696470810766005
2022-05-16,1.728420815740568
2022-05-17,1.533542916502036
2022-05-18,1.2762253326248367
2022-05-19,0.9127940290653715
2022-05-20,0.8855935140071143
2022-05-21,1.4028072251704615
2022-05-22,0.7590614122636293
2022-05-23,0.7419437059042486
2022-05-24,0.773652194429301
2022-05-25,0.892749434223583
2022-05-26,0.778739187600186
2022-05-27,0.758435788459002
2022-05-28,0.7038185689034078
2022-05-29,0.8469506727678513
2022-05-30,1.0921341976959797
2022-05-31,1.0248826448951296
2022-06-01,0.6188532490490581
2022-06-02,0.6712666520378123
2022-06-03,0.6258386978086017
2022-06-04,0.6556430397811429
2022-06-05,0.6745217191048511
2022-06-06,1.3573310382745372
2022-06-07,0.8054348247797696
2022-06-08,0.8332378554113613
2022-06-09,0.621219573663135
2022-06-10,0.5682844690182396
2022-06-11,1.072466681787706
2022-06-12,0.5790363923789248
2022-06-13,0.570016147594359
2022-06-14,0.5821144287498726
2022-06-15,0.5816078545166931
2022-06-16,0.6223637171002111
2022-06-17,0.5341906145173336
2022-06-18,0.5276742023027531
2022-06-19,0.5574159584366445
2022-06-20,0.5688586876616231
2022-06-21,0.5670579270453341
2022-06-22,0.5810554522802848
2022-06-23,0.5916862221541928
2022-06-24,0.5907646685101432
2022-06-25,0.5816051221211092
2022-06-26,0.5841078520146731
2022-06-27,0.5611894930647016
2022-06-28,0.5465837427186317
2022-06-29,0.546737097515852
2022-06-30,0.6120886921125994
2022-07-01,0.5708656697600867
2022-07-02,0.5909283198392422
2022-07-03,0.5521227045063938
2022-07-04,0.7298834247608607
2022-07-05,1.017891686119575
2022-07-06,0.6207851458300381
2022-07-07,0.6283632535818316
2022-07-08,0.7594342531303828
2022-07-09,0.610977038161123
2022-07-10,0.6033462496470295
2022-07-11,0.6369608273233738
2022-07-12,0.6638023895000511
2022-07-13,0.6937990400502206
2022-07-14,0.6144203429079044
2022-07-15,0.6185463477786329
2022-07-16,0.6657079968796429
2022-07-17,0.6239660456408347
2022-07-18,0.7231408959267087
2022-07-19,1.3524260202285159
2022-07-20,1.426923658223628
2022-07-21,1.48153950783301
2022-07-22,1.4453768251571366
2022-07-23,1.189709549782789
2022-07-24,0.7696722872640175
2022-07-25,0.7671893056827274
2022-07-26,0.9647448817925713
2022-07-27,0.8027110647342512
2022-07-28,1.0750932040635959
2022-07-29,1.3573453030284819
2022-07-30,0.8275211845648288
2022-07-31,0.9473219719373899
2022-08-01,0.8801240129181146
2022-08-02,1.0097885341510489
2022-08-03,1.0640707199334551
2022-08-04,1.4674484229019225
2022-08-05,1.665149142926568
2022-08-06,0.8432416632971699
2022-08-07,0.9767470119542513
2022-08-08,1.678271231731236
2022-08-09,1.790280608437928
2022-08-10,1.1520724501014858
2022-08-11,1.4506189558040121
2022-08-12,1.0793052717033322
2022-08-13,1.577572035570728
2022-08-14,1.1531513903015946
2022-08-15,0.9478106288751245
2022-08-16,0.9271846695585529
2022-08-17,1.07075182640751
2022-08-18,1.855626056774222
2022-08-19,2.2466806775673467
2022-08-20,2.0139751836205426
2022-08-21,1.765996275781566
2022-08-22,1.069895333518288
2022-08-23,1.2935901174246331
2022-08-24,1.3517440038937163
2022-08-25,2.3862502363311946
2022-08-26,1.3540341508721025
2022-08-27,1.7245296741503897
2022-08-28,2.501777547072289
2022-08-29,2.6213136633861405
2022-08-30,1.4500681421634665
2022-08-31,1.0839189867444043
2022-09-01,1.3859627081157653
2022-09-02,2.5786293799858746
2022-09-03,2.6299635734774895
2022-09-04,2.696977271300477
2022-09-05,2.7606316306867034
2022-09-06,2.8209469300798555
2022-09-07,1.3239321260674575
2022-09-08,1.3343926575551657
2022-09-09,2.617065174305461
2022-09-10,2.719360619192383
2022-09-11,1.4516669133490152
2022-09-12,2.418446693248872
2022-09-13,1.6978975565828307
2022-09-14,2.859445776377725
2022-09-15,2.4023702576158965
2022-09-16,1.68254036317602
2022-09-17,1.4287212568281809
2022-09-18,1.4220743714694373
2022-09-19,1.7577276031544602
2022-09-20,1.4656027283539352
2022-09-21,2.322677760958283
2022-09-22,3.0120896920769957
2022-09-23,2.4982781632219
2022-09-24,1.6974197235663069
2022-09-25,2.249772670440862
2022-09-26,2.1252649278391162
2022-09-27,2.8853070079858805
2022-09-28,3.269522369660232
2022-09-29,2.6661347108920723
2022-09-30,2.47298371981365
2022-10-01,3.264367712937629
2022-10-02,3.1151112096149283
2022-10-03,1.9880654645931333
2022-10-04,1.8271885495856213
2022-10-05,1.8718848433637283
2022-10-06,3.1427379119291414
2022-10-07,3.422709940616084
2022-10-08,2.7112679259466526
2022-10-09,3.833089706709714
2022-10-10,3.894799832005157
2022-10-11,3.6833492229131433
2022-10-12,4.0995555634017515
2022-10-13,4.064088767197755
2022-10-14,4.014674535666119
2022-10-15,4.202846795573575
2022-10-16,4.2298027644340275
2022-10-17,3.8798080769549834
2022-10-18,3.1418611288905116
2022-10-19,3.3554450104959646
2022-10-20,4.131743972288779
2022-10-21,3.951498763116907
2022-10-22,4.379559464821594
2022-10-23,4.327877099554041
2022-10-24,4.349305249214779
2022-10-25,3.7972128761024857
2022-10-26,3.86302355155069
2022-10-27,4.457778343753049
2022-10-28,3.40829945197897
2022-10-29,4.60557773775053
