Data,Eto,p
01-04-2016,2.09,100.0
02-04-2016,2.04,100.0
03-04-2016,1.42,100.0
04-04-2016,2.84,100.0
05-04-2016,1.42,100.0
06-04-2016,3.49,100.0
07-04-2016,2.13,100.0
08-04-2016,2.93,100.0
09-04-2016,2.94,100.0
10-04-2016,2.5,100.0
11-04-2016,2.98,100.0
12-04-2016,1.06,100.0
13-04-2016,1.03,100.0
14-04-2016,1.57,100.0
15-04-2016,0.71,100.0
16-04-2016,1.21,100.0
17-04-2016,0.68,100.0
18-04-2016,1.7,100.0
19-04-2016,2.01,100.0
20-04-2016,2.41,100.0
21-04-2016,2.03,100.0
22-04-2016,0.92,100.0
23-04-2016,1.18,100.0
24-04-2016,1.09,100.0
25-04-2016,1.72,100.0
26-04-2016,2.19,100.0
27-04-2016,1.51,100.0
28-04-2016,1.27,100.0
29-04-2016,1.93,100.0
30-04-2016,1.89,100.0
01-05-2016,1.16,100.0
02-05-2016,1.65,100.0
03-05-2016,1.87,100.0
04-05-2016,1.52,100.0
05-05-2016,1.07,100.0
06-05-2016,1.0,100.0
07-05-2016,1.37,100.0
08-05-2016,1.15,100.0
09-05-2016,1.45,100.0
10-05-2016,0.82,100.0
11-05-2016,1.08,100.0
12-05-2016,1.0,100.0
13-05-2016,0.92,100.0
14-05-2016,1.35,100.0
15-05-2016,1.15,100.0
16-05-2016,1.22,100.0
17-05-2016,1.06,100.0
18-05-2016,0.66,100.0
19-05-2016,0.98,100.0
20-05-2016,1.08,100.0
21-05-2016,1.19,100.0
22-05-2016,1.07,100.0
23-05-2016,1.65,100.0
24-05-2016,0.92,100.0
25-05-2016,1.21,100.0
26-05-2016,0.82,100.0
27-05-2016,1.01,100.0
28-05-2016,0.64,100.0
29-05-2016,0.64,100.0
30-05-2016,0.9,100.0
31-05-2016,0.97,100.0
01-06-2016,1.01,100.0
02-06-2016,0.55,100.0
03-06-2016,0.47,100.0
04-06-2016,0.93,100.0
05-06-2016,0.8,100.0
06-06-2016,0.85,100.0
07-06-2016,0.99,100.0
08-06-2016,1.09,100.0
09-06-2016,0.7,100.0
10-06-2016,1.06,100.0
11-06-2016,1.1,100.0
12-06-2016,1.07,100.0
13-06-2016,0.83,100.0
14-06-2016,0.62,100.0
15-06-2016,0.66,100.0
16-06-2016,0.95,100.0
17-06-2016,1.15,100.0
18-06-2016,0.96,100.0
19-06-2016,0.52,100.0
20-06-2016,0.61,100.0
21-06-2016,0.87,100.0
22-06-2016,0.8,100.0
23-06-2016,0.79,100.0
24-06-2016,0.65,100.0
25-06-2016,0.72,100.0
26-06-2016,0.83,100.0
27-06-2016,1.07,100.0
28-06-2016,1.38,100.0
29-06-2016,0.47,100.0
30-06-2016,0.63,100.0
01-07-2016,0.82,100.0
02-07-2016,0.58,100.0
03-07-2016,0.72,100.0
04-07-2016,0.885,100.0
05-07-2016,1.05,100.0
06-07-2016,1.1,100.0
07-07-2016,1.06,100.0
08-07-2016,0.56,100.0
09-07-2016,0.97,100.0
10-07-2016,0.88,100.0
11-07-2016,1.33,100.0
12-07-2016,0.56,100.0
13-07-2016,1.36,100.0
14-07-2016,1.02,100.0
15-07-2016,0.95,100.0
16-07-2016,0.89,100.0
17-07-2016,0.72,100.0
18-07-2016,1.17,100.0
19-07-2016,0.72,100.0
20-07-2016,1.17,100.0
21-07-2016,1.28,100.0
22-07-2016,1.34,100.0
23-07-2016,0.86,100.0
24-07-2016,0.76,100.0
25-07-2016,0.92,100.0
26-07-2016,0.98,100.0
27-07-2016,1.54,100.0
28-07-2016,1.22,100.0
29-07-2016,1.3,100.0
30-07-2016,0.94,100.0
31-07-2016,1.29,100.0
01-08-2016,1.22,100.0
02-08-2016,1.38,100.0
03-08-2016,1.06,100.0
04-08-2016,1.46,100.0
05-08-2016,1.41,100.0
06-08-2016,1.44,100.0
07-08-2016,1.35,100.0
08-08-2016,1.59,100.0
09-08-2016,1.89,100.0
10-08-2016,2.0,100.0
11-08-2016,1.73,100.0
12-08-2016,1.27,100.0
13-08-2016,1.8,100.0
14-08-2016,1.27,100.0
15-08-2016,2.2,100.0
16-08-2016,1.81,100.0
17-08-2016,2.0,100.0
18-08-2016,1.98,100.0
19-08-2016,1.71,100.0
20-08-2016,1.89,100.0
21-08-2016,2.34,100.0
22-08-2016,2.61,100.0
23-08-2016,0.71,100.0
24-08-2016,1.08,100.0
25-08-2016,1.97,100.0
26-08-2016,1.54,100.0
27-08-2016,1.41,100.0
28-08-2016,2.02,100.0
29-08-2016,2.21,100.0
30-08-2016,2.44,100.0
31-08-2016,1.27,100.0
01-09-2016,2.07,100.0
02-09-2016,2.18,100.0
03-09-2016,2.56,100.0
04-09-2016,2.73,100.0
05-09-2016,2.65,100.0
06-09-2016,2.86,100.0
07-09-2016,3.76,100.0
08-09-2016,2.83,100.0
09-09-2016,3.21,100.0
10-09-2016,3.37,100.0
11-09-2016,2.32,100.0
12-09-2016,2.06,100.0
13-09-2016,2.68,100.0
14-09-2016,2.5,100.0
15-09-2016,1.72,100.0
16-09-2016,1.63,100.0
17-09-2016,2.76,100.0
18-09-2016,3.57,100.0
19-09-2016,4.47,100.0
20-09-2016,4.11,100.0
21-09-2016,4.04,100.0
22-09-2016,3.85,100.0
23-09-2016,3.89,100.0
24-09-2016,4.23,100.0
25-09-2016,3.15,100.0
26-09-2016,3.47,100.0
27-09-2016,3.89,100.0
28-09-2016,3.11,100.0
29-09-2016,2.51,100.0
30-09-2016,3.62,100.0
01-10-2016,3.74,100.0
02-10-2016,4.73,100.0
03-10-2016,4.37,100.0
04-10-2016,4.39,100.0
05-10-2016,4.58,100.0
06-10-2016,4.05,100.0
07-10-2016,4.31,100.0
08-10-2016,4.04,100.0
09-10-2016,4.72,100.0
10-10-2016,4.58,100.0
11-10-2016,3.54,100.0
12-10-2016,2.18,100.0
13-10-2016,4.17,100.0
14-10-2016,2.16,100.0
15-10-2016,1.37,100.0
16-10-2016,2.03,100.0
17-10-2016,1.83,100.0
18-10-2016,2.65,100.0
19-10-2016,3.83,100.0
20-10-2016,4.43,100.0
21-10-2016,5.2,100.0
22-10-2016,3.96,100.0
23-10-2016,3.26,100.0
24-10-2016,3.58,100.0
25-10-2016,4.95,100.0
26-10-2016,5.4,100.0
27-10-2016,6.34,100.0
28-10-2016,3.38,100.0
29-10-2016,4.55,100.0
30-10-2016,4.91,100.0
31-10-2016,2.77,100.0
01-11-2016,4.97,100.0
02-11-2016,5.53,100.0
03-11-2016,6.25,100.0
04-11-2016,6.79,100.0
05-11-2016,6.35,100.0
06-11-2016,6.15,100.0
07-11-2016,6.48,100.0
08-11-2016,6.45,100.0
09-11-2016,6.32,100.0
10-11-2016,6.67,100.0
11-11-2016,6.86,100.0
12-11-2016,5.4,100.0
13-11-2016,5.2,100.0
14-11-2016,5.31,100.0
15-11-2016,6.14,100.0
16-11-2016,6.37,100.0
17-11-2016,7.22,100.0
18-11-2016,6.95,100.0
19-11-2016,5.61,100.0
20-11-2016,4.3,100.0
21-11-2016,5.22,100.0
22-11-2016,5.07,100.0
23-11-2016,3.17,100.0
24-11-2016,6.53,100.0
25-11-2016,5.21,100.0
26-11-2016,5.61,100.0
27-11-2016,5.53,100.0
28-11-2016,6.59,100.0
29-11-2016,7.62,100.0
30-11-2016,5.65,100.0
01-12-2016,6.21,100.0
02-12-2016,6.6,100.0
03-12-2016,5.78,100.0
04-12-2016,5.95,100.0
05-12-2016,6.12,100.0
06-12-2016,7.12,100.0
07-12-2016,6.41,100.0
08-12-2016,5.68,100.0
09-12-2016,1.27,100.0
10-12-2016,5.6,100.0
11-12-2016,7.29,100.0
12-12-2016,7.29,100.0
13-12-2016,7.56,100.0
14-12-2016,8.78,100.0
15-12-2016,6.41,100.0
16-12-2016,5.93,100.0
17-12-2016,5.92,100.0
18-12-2016,6.96,100.0
19-12-2016,7.92,100.0
20-12-2016,6.98,100.0
21-12-2016,6.89,100.0
22-12-2016,6.88,100.0
23-12-2016,7.01,100.0
24-12-2016,6.39,100.0
25-12-2016,6.13,100.0
26-12-2016,4.21,100.0
27-12-2016,7.06,100.0
28-12-2016,7.35,100.0
29-12-2016,5.53,100.0
30-12-2016,5.95,100.0
31-12-2016,5.74,100.0
01-01-2017,7.17,100.0
02-01-2017,7.83,100.0
03-01-2017,7.12,100.0
04-01-2017,7.19,100.0
05-01-2017,7.93,100.0
06-01-2017,7.28,100.0
07-01-2017,7.04,100.0
08-01-2017,7.18,100.0
09-01-2017,6.44,100.0
10-01-2017,7.01,100.0
11-01-2017,7.59,100.0
12-01-2017,7.85,100.0
13-01-2017,8.38,100.0
14-01-2017,7.8,100.0
15-01-2017,7.4,100.0
16-01-2017,7.24,100.0
17-01-2017,7.43,100.0
18-01-2017,8.46,100.0
19-01-2017,7.47,100.0
20-01-2017,7.9,100.0
21-01-2017,7.24,100.0
22-01-2017,6.13,100.0
23-01-2017,6.68,100.0
24-01-2017,6.83,100.0
25-01-2017,7.32,100.0
26-01-2017,7.17,100.0
27-01-2017,7.02,100.0
28-01-2017,5.86,100.0
29-01-2017,6.49,100.0
30-01-2017,6.51,100.0
31-01-2017,7.59,100.0
01-02-2017,6.81,100.0
02-02-2017,6.0,100.0
03-02-2017,3.84,100.0
04-02-2017,4.76,100.0
05-02-2017,6.82,100.0
06-02-2017,7.08,100.0
07-02-2017,6.51,100.0
08-02-2017,5.57,100.0
09-02-2017,5.84,100.0
10-02-2017,6.68,100.0
11-02-2017,6.82,100.0
12-02-2017,7.2,100.0
13-02-2017,6.38,100.0
14-02-2017,5.48,100.0
15-02-2017,6.12,100.0
16-02-2017,5.66,100.0
17-02-2017,5.67,100.0
18-02-2017,5.68,100.0
19-02-2017,6.29,100.0
20-02-2017,7.25,100.0
21-02-2017,6.67,100.0
22-02-2017,6.42,100.0
23-02-2017,5.78,100.0
24-02-2017,6.0,100.0
25-02-2017,5.35,100.0
26-02-2017,4.85,100.0
27-02-2017,5.52,100.0
28-02-2017,5.56,100.0
01-03-2017,5.26,100.0
02-03-2017,4.35,100.0
03-03-2017,4.93,100.0
04-03-2017,5.19,100.0
05-03-2017,5.2,100.0
06-03-2017,5.56,100.0
07-03-2017,5.11,100.0
08-03-2017,5.34,100.0
09-03-2017,4.76,100.0
10-03-2017,5.54,100.0
11-03-2017,5.1,100.0
12-03-2017,5.53,100.0
13-03-2017,5.42,100.0
14-03-2017,4.05,100.0
15-03-2017,4.66,100.0
16-03-2017,4.81,100.0
17-03-2017,4.49,100.0
18-03-2017,5.04,100.0
19-03-2017,4.86,100.0
20-03-2017,4.11,100.0
21-03-2017,4.75,100.0
22-03-2017,3.87,100.0
23-03-2017,3.67,100.0
24-03-2017,1.2,100.0
25-03-2017,3.78,100.0
26-03-2017,3.66,100.0
27-03-2017,4.02,100.0
28-03-2017,4.23,100.0
29-03-2017,3.6,100.0
30-03-2017,3.82,100.0
31-03-2017,3.95,100.0
01-04-2017,2.82,100.0
02-04-2017,3.21,100.0
03-04-2017,3.55,100.0
04-04-2017,3.55,100.0
05-04-2017,3.45,100.0
06-04-2017,3.93,100.0
07-04-2017,2.0,100.0
08-04-2017,2.74,100.0
09-04-2017,2.96,100.0
10-04-2017,3.31,100.0
11-04-2017,3.95,100.0
12-04-2017,3.43,100.0
13-04-2017,2.95,100.0
14-04-2017,2.59,100.0
15-04-2017,2.15,100.0
16-04-2017,2.3,100.0
17-04-2017,2.64,100.0
18-04-2017,2.9,100.0
19-04-2017,2.11,100.0
20-04-2017,0.81,100.0
21-04-2017,1.77,100.0
22-04-2017,2.47,100.0
23-04-2017,2.67,100.0
24-04-2017,1.82,100.0
25-04-2017,2.04,100.0
26-04-2017,2.22,100.0
27-04-2017,2.92,100.0
28-04-2017,2.77,100.0
29-04-2017,2.69,100.0
30-04-2017,2.99,100.0
01-05-2017,1.46,100.0
02-05-2017,1.47,100.0
03-05-2017,2.38,100.0
04-05-2017,2.57,100.0
05-05-2017,1.91,100.0
06-05-2017,1.22,100.0
07-05-2017,1.13,100.0
08-05-2017,1.39,100.0
09-05-2017,1.19,100.0
10-05-2017,0.89,100.0
11-05-2017,0.92,100.0
12-05-2017,1.12,100.0
13-05-2017,1.65,100.0
14-05-2017,1.01,100.0
15-05-2017,1.2,100.0
16-05-2017,0.63,100.0
17-05-2017,0.88,100.0
18-05-2017,0.91,100.0
19-05-2017,1.04,100.0
20-05-2017,1.12,100.0
21-05-2017,1.02,100.0
22-05-2017,0.82,100.0
23-05-2017,0.64,100.0
24-05-2017,0.66,100.0
25-05-2017,0.71,100.0
26-05-2017,1.14,100.0
27-05-2017,1.2,100.0
28-05-2017,0.84,100.0
29-05-2017,1.07,100.0
30-05-2017,0.93,100.0
31-05-2017,1.12,100.0
01-06-2017,0.97,100.0
02-06-2017,0.81,100.0
03-06-2017,1.15,100.0
04-06-2017,0.86,100.0
05-06-2017,0.71,100.0
06-06-2017,0.7,100.0
07-06-2017,0.65,100.0
08-06-2017,0.7,100.0
09-06-2017,0.86,100.0
10-06-2017,1.05,100.0
11-06-2017,1.0,100.0
12-06-2017,0.98,100.0
13-06-2017,0.63,100.0
14-06-2017,0.6,100.0
15-06-2017,0.55,100.0
16-06-2017,0.7,100.0
17-06-2017,0.76,100.0
18-06-2017,0.79,100.0
19-06-2017,0.66,100.0
20-06-2017,0.77,100.0
21-06-2017,0.84,100.0
22-06-2017,1.07,100.0
23-06-2017,0.69,100.0
24-06-2017,0.6,100.0
25-06-2017,0.97,100.0
26-06-2017,0.63,100.0
27-06-2017,0.81,100.0
28-06-2017,0.83,100.0
29-06-2017,1.01,100.0
30-06-2017,1.18,100.0
01-07-2017,1.11,100.0
02-07-2017,0.84,100.0
03-07-2017,0.58,100.0
04-07-2017,0.6,100.0
05-07-2017,0.44,100.0
06-07-2017,0.8,100.0
07-07-2017,1.11,100.0
08-07-2017,0.81,100.0
09-07-2017,0.81,100.0
10-07-2017,0.65,100.0
11-07-2017,1.09,100.0
12-07-2017,0.84,100.0
13-07-2017,0.73,100.0
14-07-2017,0.85,100.0
15-07-2017,0.77,100.0
16-07-2017,0.84,100.0
17-07-2017,0.8,100.0
18-07-2017,1.11,100.0
19-07-2017,1.38,100.0
20-07-2017,1.26,100.0
21-07-2017,1.34,100.0
22-07-2017,0.57,100.0
23-07-2017,0.66,100.0
24-07-2017,0.87,100.0
25-07-2017,0.88,100.0
26-07-2017,1.02,100.0
27-07-2017,1.1,100.0
28-07-2017,0.99,100.0
29-07-2017,0.95,100.0
30-07-2017,1.03,100.0
31-07-2017,0.91,100.0
01-08-2017,0.53,100.0
02-08-2017,1.17,100.0
03-08-2017,1.43,100.0
04-08-2017,0.98,100.0
05-08-2017,0.89,100.0
06-08-2017,0.96,100.0
07-08-2017,0.91,100.0
08-08-2017,1.31,100.0
09-08-2017,0.86,100.0
10-08-2017,0.88,100.0
11-08-2017,0.59,100.0
12-08-2017,1.16,100.0
13-08-2017,0.75,100.0
14-08-2017,1.47,100.0
15-08-2017,1.2,100.0
16-08-2017,1.75,100.0
17-08-2017,1.92,100.0
18-08-2017,0.81,100.0
19-08-2017,1.29,100.0
20-08-2017,1.61,100.0
21-08-2017,1.99,100.0
22-08-2017,1.22,100.0
23-08-2017,1.72,100.0
24-08-2017,1.61,100.0
25-08-2017,1.77,100.0
26-08-2017,1.24,100.0
27-08-2017,1.67,100.0
28-08-2017,1.31,100.0
29-08-2017,1.86,100.0
30-08-2017,2.09,100.0
31-08-2017,2.3,100.0
01-09-2017,1.72,100.0
02-09-2017,2.03,100.0
03-09-2017,1.58,100.0
04-09-2017,2.28,100.0
05-09-2017,1.79,100.0
06-09-2017,1.89,100.0
07-09-2017,2.53,100.0
08-09-2017,1.09,100.0
09-09-2017,1.24,100.0
10-09-2017,1.06,100.0
11-09-2017,0.98,100.0
12-09-2017,2.22,100.0
13-09-2017,2.24,100.0
14-09-2017,1.87,100.0
15-09-2017,2.78,100.0
16-09-2017,3.3,100.0
17-09-2017,3.2,100.0
18-09-2017,2.03,100.0
19-09-2017,1.84,100.0
20-09-2017,2.4,100.0
21-09-2017,3.18,100.0
22-09-2017,3.35,100.0
23-09-2017,4.18,100.0
24-09-2017,2.91,100.0
25-09-2017,3.17,100.0
26-09-2017,2.77,100.0
27-09-2017,2.87,100.0
28-09-2017,2.21,100.0
29-09-2017,2.78,100.0
30-09-2017,1.19,100.0
01-10-2017,2.76,100.0
02-10-2017,2.0,100.0
03-10-2017,3.33,100.0
04-10-2017,2.37,100.0
05-10-2017,2.66,100.0
06-10-2017,3.74,100.0
07-10-2017,1.81,100.0
08-10-2017,2.97,100.0
09-10-2017,3.41,100.0
10-10-2017,3.68,100.0
11-10-2017,2.79,100.0
12-10-2017,3.63,100.0
13-10-2017,3.93,100.0
14-10-2017,4.67,100.0
15-10-2017,4.1,100.0
16-10-2017,3.38,100.0
17-10-2017,2.9,100.0
18-10-2017,3.37,100.0
19-10-2017,4.84,100.0
20-10-2017,1.69,100.0
21-10-2017,4.7,100.0
22-10-2017,5.34,100.0
23-10-2017,5.33,100.0
24-10-2017,5.06,100.0
25-10-2017,4.82,100.0
26-10-2017,4.21,100.0
27-10-2017,4.78,100.0
28-10-2017,3.85,100.0
29-10-2017,2.89,100.0
30-10-2017,4.64,100.0
31-10-2017,3.41,100.0
01-11-2017,1.67,100.0
02-11-2017,2.42,100.0
03-11-2017,3.84,100.0
04-11-2017,2.4,100.0
05-11-2017,5.08,100.0
06-11-2017,3.18,100.0
07-11-2017,3.03,100.0
08-11-2017,5.04,100.0
09-11-2017,5.9,100.0
10-11-2017,6.3,100.0
11-11-2017,7.21,100.0
12-11-2017,6.24,100.0
13-11-2017,5.66,100.0
14-11-2017,5.3,100.0
15-11-2017,5.23,100.0
16-11-2017,6.08,100.0
17-11-2017,5.74,100.0
18-11-2017,6.23,100.0
19-11-2017,6.53,100.0
20-11-2017,5.47,100.0
21-11-2017,6.17,100.0
22-11-2017,7.03,100.0
23-11-2017,6.68,100.0
24-11-2017,5.75,100.0
25-11-2017,6.58,100.0
26-11-2017,6.55,100.0
27-11-2017,5.82,100.0
28-11-2017,4.6,100.0
29-11-2017,5.0,100.0
30-11-2017,6.29,100.0
01-12-2017,5.53,100.0
02-12-2017,4.42,100.0
03-12-2017,5.63,100.0
04-12-2017,5.91,100.0
05-12-2017,5.64,100.0
06-12-2017,5.86,100.0
07-12-2017,6.11,100.0
08-12-2017,5.65,100.0
09-12-2017,6.96,100.0
10-12-2017,7.83,100.0
11-12-2017,5.46,100.0
12-12-2017,4.37,100.0
13-12-2017,6.27,100.0
14-12-2017,7.04,100.0
15-12-2017,8.74,100.0
16-12-2017,5.9,100.0
17-12-2017,7.11,100.0
18-12-2017,6.63,100.0
19-12-2017,7.62,100.0
20-12-2017,7.29,100.0
21-12-2017,7.62,100.0
22-12-2017,7.48,100.0
23-12-2017,7.49,100.0
24-12-2017,7.41,100.0
25-12-2017,7.54,100.0
26-12-2017,6.86,100.0
27-12-2017,7.52,100.0
28-12-2017,7.88,100.0
29-12-2017,7.49,100.0
30-12-2017,7.51,100.0
31-12-2017,6.9350000000000005,100.0
01-01-2018,6.36,100.0
02-01-2018,6.76,100.0
03-01-2018,7.56,100.0
04-01-2018,7.33,100.0
05-01-2018,6.5,100.0
06-01-2018,7.5,100.0
07-01-2018,7.15,100.0
08-01-2018,6.12,100.0
09-01-2018,5.0,100.0
10-01-2018,5.23,100.0
11-01-2018,4.91,100.0
12-01-2018,4.36,100.0
13-01-2018,3.5,100.0
14-01-2018,4.56,100.0
15-01-2018,2.98,100.0
16-01-2018,4.86,100.0
17-01-2018,5.16,100.0
18-01-2018,5.32,100.0
19-01-2018,5.23,100.0
20-01-2018,4.66,100.0
21-01-2018,4.31,100.0
22-01-2018,4.15,100.0
23-01-2018,4.67,100.0
24-01-2018,4.94,100.0
25-01-2018,4.74,100.0
26-01-2018,4.74,100.0
27-01-2018,5.04,100.0
28-01-2018,5.17,100.0
29-01-2018,4.91,100.0
30-01-2018,4.74,100.0
31-01-2018,4.53,100.0
01-02-2018,4.81,100.0
02-02-2018,4.47,100.0
03-02-2018,4.34,100.0
04-02-2018,4.48,100.0
05-02-2018,4.12,100.0
06-02-2018,4.27,100.0
07-02-2018,4.49,100.0
08-02-2018,4.46,100.0
09-02-2018,4.89,100.0
10-02-2018,4.85,100.0
11-02-2018,4.63,100.0
12-02-2018,4.59,100.0
13-02-2018,4.68,100.0
14-02-2018,4.12,100.0
15-02-2018,4.22,100.0
16-02-2018,4.45,100.0
17-02-2018,4.34,100.0
18-02-2018,4.28,100.0
19-02-2018,4.09,100.0
20-02-2018,4.15,100.0
21-02-2018,4.36,100.0
22-02-2018,4.29,100.0
23-02-2018,3.39,100.0
24-02-2018,4.0,100.0
25-02-2018,4.03,100.0
26-02-2018,3.99,100.0
27-02-2018,3.32,100.0
28-02-2018,3.68,100.0
01-03-2018,3.86,100.0
02-03-2018,3.92,100.0
03-03-2018,3.66,100.0
04-03-2018,3.7,100.0
05-03-2018,3.82,100.0
06-03-2018,3.9,100.0
07-03-2018,3.32,100.0
08-03-2018,3.24,100.0
09-03-2018,3.6,100.0
10-03-2018,3.33,100.0
11-03-2018,3.95,100.0
12-03-2018,3.96,100.0
13-03-2018,3.32,100.0
14-03-2018,3.31,100.0
15-03-2018,3.3,100.0
16-03-2018,3.45,100.0
17-03-2018,3.14,100.0
18-03-2018,3.1,100.0
19-03-2018,3.03,100.0
20-03-2018,3.0,100.0
21-03-2018,4.76,100.0
22-03-2018,4.76,100.0
23-03-2018,4.48,100.0
24-03-2018,4.1,100.0
25-03-2018,4.99,100.0
26-03-2018,4.03,100.0
27-03-2018,4.39,100.0
28-03-2018,4.33,100.0
29-03-2018,4.42,100.0
30-03-2018,3.94,100.0
31-03-2018,4.11,100.0
01-04-2018,3.58,100.0
02-04-2018,3.13,100.0
03-04-2018,3.4,100.0
04-04-2018,3.7,100.0
05-04-2018,3.34,100.0
06-04-2018,2.58,100.0
07-04-2018,3.19,100.0
08-04-2018,3.39,100.0
09-04-2018,2.42,100.0
10-04-2018,2.04,100.0
11-04-2018,2.89,100.0
12-04-2018,2.9,100.0
13-04-2018,3.1,100.0
14-04-2018,2.91,100.0
15-04-2018,3.04,100.0
16-04-2018,2.51,100.0
17-04-2018,2.755,100.0
18-04-2018,3.0,100.0
19-04-2018,2.83,100.0
20-04-2018,2.96,100.0
21-04-2018,2.94,100.0
22-04-2018,2.56,100.0
23-04-2018,1.6,100.0
24-04-2018,2.46,100.0
25-04-2018,3.2,100.0
26-04-2018,2.83,100.0
27-04-2018,1.98,100.0
28-04-2018,1.93,100.0
29-04-2018,1.98,100.0
30-04-2018,1.55,100.0
01-05-2018,1.95,100.0
02-05-2018,1.96,100.0
03-05-2018,2.38,100.0
04-05-2018,2.46,100.0
05-05-2018,2.35,100.0
06-05-2018,1.9,100.0
07-05-2018,1.87,100.0
08-05-2018,1.81,100.0
09-05-2018,1.52,100.0
10-05-2018,1.74,100.0
11-05-2018,1.71,100.0
12-05-2018,2.68,100.0
13-05-2018,1.2,100.0
14-05-2018,1.15,100.0
15-05-2018,1.07,100.0
16-05-2018,1.92,100.0
17-05-2018,1.84,100.0
18-05-2018,1.55,100.0
19-05-2018,1.68,100.0
20-05-2018,2.01,100.0
21-05-2018,1.64,100.0
22-05-2018,1.64,100.0
23-05-2018,1.81,100.0
24-05-2018,1.71,100.0
25-05-2018,1.88,100.0
26-05-2018,1.03,100.0
27-05-2018,1.11,100.0
28-05-2018,1.38,100.0
29-05-2018,1.58,100.0
30-05-2018,0.72,100.0
31-05-2018,0.92,100.0
01-06-2018,0.87,100.0
02-06-2018,1.02,100.0
03-06-2018,1.12,100.0
04-06-2018,0.81,100.0
05-06-2018,1.105,100.0
06-06-2018,1.4,100.0
07-06-2018,1.4,100.0
08-06-2018,1.78,100.0
09-06-2018,1.32,100.0
10-06-2018,1.09,100.0
11-06-2018,0.72,100.0
12-06-2018,0.71,100.0
13-06-2018,0.7,100.0
14-06-2018,1.01,100.0
15-06-2018,1.18,100.0
16-06-2018,1.15,100.0
17-06-2018,1.26,100.0
18-06-2018,1.49,100.0
19-06-2018,0.71,100.0
20-06-2018,1.03,100.0
21-06-2018,0.89,100.0
22-06-2018,1.01,100.0
23-06-2018,0.75,100.0
24-06-2018,1.03,100.0
25-06-2018,0.78,100.0
26-06-2018,0.86,100.0
27-06-2018,1.14,100.0
28-06-2018,0.88,100.0
29-06-2018,0.94,100.0
30-06-2018,0.59,100.0
01-07-2018,0.64,100.0
02-07-2018,0.61,100.0
03-07-2018,0.83,100.0
04-07-2018,1.38,100.0
05-07-2018,1.005,100.0
06-07-2018,0.63,100.0
07-07-2018,0.75,100.0
08-07-2018,1.01,100.0
09-07-2018,1.44,100.0
10-07-2018,0.5,100.0
11-07-2018,0.84,100.0
12-07-2018,1.17,100.0
13-07-2018,1.28,100.0
14-07-2018,1.13,100.0
15-07-2018,0.68,100.0
16-07-2018,1.09,100.0
17-07-2018,1.02,100.0
18-07-2018,1.1,100.0
19-07-2018,1.17,100.0
20-07-2018,1.16,100.0
21-07-2018,1.26,100.0
22-07-2018,1.32,100.0
23-07-2018,1.17,100.0
24-07-2018,1.21,100.0
25-07-2018,1.46,100.0
26-07-2018,1.3,100.0
27-07-2018,0.63,100.0
28-07-2018,1.13,100.0
29-07-2018,1.35,100.0
30-07-2018,1.31,100.0
31-07-2018,1.38,100.0
01-08-2018,1.21,100.0
02-08-2018,0.67,100.0
03-08-2018,1.4,100.0
04-08-2018,1.42,100.0
05-08-2018,1.5,100.0
06-08-2018,1.46,100.0
07-08-2018,1.75,100.0
08-08-2018,1.8,100.0
09-08-2018,2.32,100.0
10-08-2018,1.82,100.0
11-08-2018,2.01,100.0
12-08-2018,1.54,100.0
13-08-2018,1.89,100.0
14-08-2018,2.0,100.0
15-08-2018,2.58,100.0
16-08-2018,2.22,100.0
17-08-2018,1.46,100.0
18-08-2018,1.44,100.0
19-08-2018,1.9,100.0
20-08-2018,2.25,100.0
21-08-2018,2.23,100.0
22-08-2018,0.85,100.0
23-08-2018,1.47,100.0
24-08-2018,1.94,100.0
25-08-2018,2.52,100.0
26-08-2018,2.84,100.0
27-08-2018,1.42,100.0
28-08-2018,1.7,100.0
29-08-2018,2.15,100.0
30-08-2018,2.07,100.0
31-08-2018,1.23,100.0
01-09-2018,2.32,100.0
02-09-2018,2.64,100.0
03-09-2018,3.19,100.0
04-09-2018,4.14,100.0
05-09-2018,1.62,100.0
06-09-2018,2.33,100.0
07-09-2018,3.17,100.0
08-09-2018,3.1,100.0
09-09-2018,3.3,100.0
10-09-2018,3.84,100.0
11-09-2018,3.21,100.0
12-09-2018,2.61,100.0
13-09-2018,3.0,100.0
14-09-2018,2.09,100.0
15-09-2018,2.42,100.0
16-09-2018,2.75,100.0
17-09-2018,1.8,100.0
18-09-2018,1.99,100.0
19-09-2018,1.49,100.0
20-09-2018,1.71,100.0
21-09-2018,4.09,100.0
22-09-2018,3.1,100.0
23-09-2018,3.03,100.0
24-09-2018,2.17,100.0
25-09-2018,2.07,100.0
26-09-2018,2.13,100.0
27-09-2018,1.76,100.0
28-09-2018,2.04,100.0
29-09-2018,1.6,100.0
30-09-2018,1.49,100.0
01-10-2018,3.48,100.0
02-10-2018,4.15,100.0
03-10-2018,4.6,100.0
04-10-2018,4.49,100.0
05-10-2018,3.93,100.0
06-10-2018,5.02,100.0
07-10-2018,2.46,100.0
08-10-2018,2.7,100.0
09-10-2018,2.72,100.0
10-10-2018,2.23,100.0
11-10-2018,3.39,100.0
12-10-2018,2.36,100.0
13-10-2018,2.94,100.0
14-10-2018,4.02,100.0
15-10-2018,4.54,100.0
16-10-2018,1.44,100.0
17-10-2018,2.97,100.0
18-10-2018,4.52,100.0
19-10-2018,4.51,100.0
20-10-2018,4.53,100.0
21-10-2018,4.7,100.0
22-10-2018,4.85,100.0
23-10-2018,4.18,100.0
24-10-2018,3.95,100.0
25-10-2018,3.59,100.0
26-10-2018,5.41,100.0
27-10-2018,5.95,100.0
28-10-2018,3.85,100.0
29-10-2018,3.47,100.0
30-10-2018,4.06,100.0
31-10-2018,5.13,100.0
01-11-2018,2.02,100.0
02-11-2018,4.52,100.0
03-11-2018,5.09,100.0
04-11-2018,5.52,100.0
05-11-2018,5.89,100.0
06-11-2018,6.59,100.0
07-11-2018,7.49,100.0
08-11-2018,7.04,100.0
09-11-2018,5.95,100.0
10-11-2018,5.48,100.0
11-11-2018,4.53,100.0
12-11-2018,2.89,100.0
13-11-2018,3.34,100.0
14-11-2018,5.94,100.0
15-11-2018,6.49,100.0
16-11-2018,6.46,100.0
17-11-2018,4.62,100.0
18-11-2018,6.81,100.0
19-11-2018,7.79,100.0
20-11-2018,7.51,100.0
21-11-2018,6.97,100.0
22-11-2018,6.68,100.0
23-11-2018,7.07,100.0
24-11-2018,7.8,100.0
25-11-2018,7.54,100.0
26-11-2018,7.33,100.0
27-11-2018,7.27,100.0
28-11-2018,6.64,100.0
29-11-2018,5.81,100.0
30-11-2018,4.65,100.0
01-12-2018,5.48,100.0
02-12-2018,5.97,100.0
03-12-2018,5.42,100.0
04-12-2018,2.58,100.0
05-12-2018,5.62,100.0
06-12-2018,6.82,100.0
07-12-2018,5.1,100.0
08-12-2018,5.35,100.0
09-12-2018,6.82,100.0
10-12-2018,6.71,100.0
11-12-2018,6.59,100.0
12-12-2018,6.91,100.0
13-12-2018,5.89,100.0
14-12-2018,5.11,100.0
15-12-2018,7.09,100.0
16-12-2018,7.49,100.0
17-12-2018,6.99,100.0
18-12-2018,7.36,100.0
19-12-2018,6.41,100.0
20-12-2018,6.8,100.0
21-12-2018,7.19,100.0
22-12-2018,5.56,100.0
23-12-2018,6.94,100.0
24-12-2018,7.32,100.0
25-12-2018,6.84,100.0
26-12-2018,6.31,100.0
27-12-2018,6.91,100.0
28-12-2018,7.18,100.0
29-12-2018,7.18,100.0
30-12-2018,7.72,100.0
31-12-2018,7.91,100.0
01-01-2019,8.1,100.0
02-01-2019,7.64,100.0
03-01-2019,8.54,100.0
04-01-2019,7.29,100.0
05-01-2019,6.1,100.0
06-01-2019,5.82,100.0
07-01-2019,5.52,100.0
08-01-2019,4.92,100.0
09-01-2019,2.9,100.0
10-01-2019,6.27,100.0
11-01-2019,6.39,100.0
12-01-2019,6.4,100.0
13-01-2019,5.16,100.0
14-01-2019,4.41,100.0
15-01-2019,7.19,100.0
16-01-2019,6.59,100.0
17-01-2019,6.81,100.0
18-01-2019,7.84,100.0
19-01-2019,6.7,100.0
20-01-2019,5.75,100.0
21-01-2019,7.54,100.0
22-01-2019,6.97,100.0
23-01-2019,7.2,100.0
24-01-2019,7.16,100.0
25-01-2019,7.12,100.0
26-01-2019,8.53,100.0
27-01-2019,8.43,100.0
28-01-2019,8.2,100.0
29-01-2019,6.66,100.0
30-01-2019,6.98,100.0
31-01-2019,8.02,100.0
01-02-2019,7.67,100.0
02-02-2019,7.25,100.0
03-02-2019,7.01,100.0
04-02-2019,6.85,100.0
05-02-2019,6.69,100.0
06-02-2019,6.6,100.0
07-02-2019,6.6,100.0
08-02-2019,6.43,100.0
09-02-2019,6.8,100.0
10-02-2019,5.54,100.0
11-02-2019,3.89,100.0
12-02-2019,6.11,100.0
13-02-2019,5.84,100.0
14-02-2019,7.2,100.0
15-02-2019,6.02,100.0
16-02-2019,4.14,100.0
17-02-2019,5.52,100.0
18-02-2019,5.88,100.0
19-02-2019,6.18,100.0
20-02-2019,5.3,100.0
21-02-2019,4.86,100.0
22-02-2019,5.26,100.0
23-02-2019,6.3,100.0
24-02-2019,6.11,100.0
25-02-2019,6.28,100.0
26-02-2019,6.29,100.0
27-02-2019,6.4,100.0
28-02-2019,5.62,100.0
01-03-2019,6.08,100.0
02-03-2019,6.01,100.0
03-03-2019,5.2,100.0
04-03-2019,5.24,100.0
05-03-2019,5.89,100.0
06-03-2019,6.23,100.0
07-03-2019,5.94,100.0
08-03-2019,4.52,100.0
09-03-2019,4.62,100.0
10-03-2019,4.51,100.0
11-03-2019,5.1,100.0
12-03-2019,5.84,100.0
13-03-2019,4.73,100.0
14-03-2019,5.05,100.0
15-03-2019,4.9,100.0
16-03-2019,4.83,100.0
17-03-2019,4.22,100.0
18-03-2019,4.45,100.0
19-03-2019,5.08,100.0
20-03-2019,4.98,100.0
21-03-2019,4.66,100.0
22-03-2019,5.3,100.0
23-03-2019,4.97,100.0
24-03-2019,5.2,100.0
25-03-2019,4.56,100.0
26-03-2019,4.38,100.0
27-03-2019,3.81,100.0
28-03-2019,3.66,100.0
29-03-2019,3.58,100.0
30-03-2019,1.73,100.0
31-03-2019,2.94,100.0
01-04-2019,3.48,100.0
02-04-2019,3.91,100.0
03-04-2019,2.74,100.0
04-04-2019,2.91,100.0
05-04-2019,3.65,100.0
06-04-2019,3.72,100.0
07-04-2019,4.85,100.0
08-04-2019,3.27,100.0
09-04-2019,1.85,100.0
10-04-2019,2.97,100.0
11-04-2019,3.24,100.0
12-04-2019,1.9,100.0
13-04-2019,1.01,100.0
14-04-2019,1.82,100.0
15-04-2019,2.97,100.0
16-04-2019,3.62,100.0
17-04-2019,3.92,100.0
18-04-2019,2.22,100.0
19-04-2019,1.62,100.0
20-04-2019,1.52,100.0
21-04-2019,2.34,100.0
22-04-2019,2.16,100.0
23-04-2019,1.4,100.0
24-04-2019,1.02,100.0
25-04-2019,1.62,100.0
26-04-2019,2.14,100.0
27-04-2019,2.57,100.0
28-04-2019,2.46,100.0
29-04-2019,2.43,100.0
30-04-2019,2.59,100.0
01-05-2019,2.37,100.0
02-05-2019,2.4,100.0
03-05-2019,2.06,100.0
04-05-2019,1.87,100.0
05-05-2019,1.29,100.0
06-05-2019,1.76,100.0
07-05-2019,1.6,100.0
08-05-2019,0.82,100.0
09-05-2019,1.43,100.0
10-05-2019,1.63,100.0
11-05-2019,1.94,100.0
12-05-2019,1.79,100.0
13-05-2019,2.26,100.0
14-05-2019,1.89,100.0
15-05-2019,2.23,100.0
16-05-2019,0.94,100.0
17-05-2019,1.14,100.0
18-05-2019,1.59,100.0
19-05-2019,0.93,100.0
20-05-2019,1.23,100.0
21-05-2019,1.23,100.0
22-05-2019,1.29,100.0
23-05-2019,1.66,100.0
24-05-2019,1.85,100.0
25-05-2019,1.93,100.0
26-05-2019,0.97,100.0
27-05-2019,1.4,100.0
28-05-2019,1.19,100.0
29-05-2019,2.32,100.0
30-05-2019,1.01,100.0
31-05-2019,0.92,100.0
01-06-2019,0.79,100.0
02-06-2019,1.27,100.0
03-06-2019,1.61,100.0
04-06-2019,1.57,100.0
05-06-2019,1.58,100.0
06-06-2019,1.3,100.0
07-06-2019,1.1,100.0
08-06-2019,1.52,100.0
09-06-2019,1.54,100.0
10-06-2019,1.52,100.0
11-06-2019,1.32,100.0
12-06-2019,1.26,100.0
13-06-2019,0.62,100.0
14-06-2019,0.73,100.0
15-06-2019,0.93,100.0
16-06-2019,0.95,100.0
17-06-2019,0.73,100.0
18-06-2019,0.9,100.0
19-06-2019,1.24,100.0
20-06-2019,1.5,100.0
21-06-2019,0.84,100.0
22-06-2019,1.12,100.0
23-06-2019,1.17,100.0
24-06-2019,0.9,100.0
25-06-2019,0.68,100.0
26-06-2019,0.94,100.0
27-06-2019,0.88,100.0
28-06-2019,0.86,100.0
29-06-2019,0.82,100.0
30-06-2019,0.7,100.0
01-07-2019,0.88,100.0
02-07-2019,1.1,100.0
03-07-2019,1.24,100.0
04-07-2019,1.12,100.0
05-07-2019,1.24,100.0
06-07-2019,1.1,100.0
07-07-2019,0.77,100.0
08-07-2019,0.91,100.0
09-07-2019,0.88,100.0
10-07-2019,0.74,100.0
11-07-2019,0.97,100.0
12-07-2019,1.05,100.0
13-07-2019,0.94,100.0
14-07-2019,1.31,100.0
15-07-2019,1.48,100.0
16-07-2019,1.54,100.0
17-07-2019,1.05,100.0
18-07-2019,1.43,100.0
19-07-2019,1.21,100.0
20-07-2019,1.59,100.0
21-07-2019,0.67,100.0
22-07-2019,0.89,100.0
23-07-2019,1.12,100.0
24-07-2019,1.6,100.0
25-07-2019,1.07,100.0
26-07-2019,1.27,100.0
27-07-2019,1.09,100.0
28-07-2019,1.35,100.0
29-07-2019,1.6,100.0
30-07-2019,1.84,100.0
31-07-2019,1.35,100.0
01-08-2019,1.73,100.0
02-08-2019,1.67,100.0
03-08-2019,2.01,100.0
04-08-2019,2.6,100.0
05-08-2019,1.79,100.0
06-08-2019,1.06,100.0
07-08-2019,1.6,100.0
08-08-2019,1.51,100.0
09-08-2019,1.58,100.0
10-08-2019,2.06,100.0
11-08-2019,1.86,100.0
12-08-2019,1.67,100.0
13-08-2019,1.96,100.0
14-08-2019,3.17,100.0
15-08-2019,1.28,100.0
16-08-2019,1.35,100.0
17-08-2019,1.65,100.0
18-08-2019,0.98,100.0
19-08-2019,0.93,100.0
20-08-2019,2.9,100.0
21-08-2019,1.64,100.0
22-08-2019,2.88,100.0
23-08-2019,3.07,100.0
24-08-2019,2.88,100.0
25-08-2019,2.04,100.0
26-08-2019,2.49,100.0
27-08-2019,2.95,100.0
28-08-2019,3.92,100.0
29-08-2019,2.81,100.0
30-08-2019,2.57,100.0
31-08-2019,2.97,100.0
01-09-2019,3.15,100.0
02-09-2019,3.5,100.0
03-09-2019,3.33,100.0
04-09-2019,3.03,100.0
05-09-2019,1.9,100.0
06-09-2019,1.85,100.0
07-09-2019,2.02,100.0
08-09-2019,2.53,100.0
09-09-2019,1.31,100.0
10-09-2019,2.54,100.0
11-09-2019,2.54,100.0
12-09-2019,3.35,100.0
13-09-2019,3.93,100.0
14-09-2019,2.25,100.0
15-09-2019,2.52,100.0
16-09-2019,3.08,100.0
17-09-2019,3.05,100.0
18-09-2019,3.15,100.0
19-09-2019,2.84,100.0
20-09-2019,3.68,100.0
21-09-2019,3.98,100.0
22-09-2019,4.5,100.0
23-09-2019,3.39,100.0
24-09-2019,3.52,100.0
25-09-2019,4.36,100.0
26-09-2019,3.01,100.0
27-09-2019,3.1,100.0
28-09-2019,4.18,100.0
29-09-2019,3.8,100.0
30-09-2019,1.68,100.0
01-10-2019,2.16,100.0
02-10-2019,3.21,100.0
03-10-2019,3.43,100.0
04-10-2019,3.68,100.0
05-10-2019,4.32,100.0
06-10-2019,4.94,100.0
07-10-2019,4.8,100.0
08-10-2019,5.25,100.0
09-10-2019,5.07,100.0
10-10-2019,4.75,100.0
11-10-2019,3.24,100.0
12-10-2019,1.66,100.0
13-10-2019,3.7,100.0
14-10-2019,2.0,100.0
15-10-2019,4.24,100.0
16-10-2019,2.99,100.0
17-10-2019,4.17,100.0
18-10-2019,4.64,100.0
19-10-2019,3.55,100.0
20-10-2019,4.16,100.0
21-10-2019,5.17,100.0
22-10-2019,6.29,100.0
23-10-2019,5.43,100.0
24-10-2019,4.72,100.0
25-10-2019,5.34,100.0
26-10-2019,4.92,100.0
27-10-2019,3.22,100.0
28-10-2019,5.05,100.0
29-10-2019,4.58,100.0
30-10-2019,5.21,100.0
31-10-2019,5.19,100.0
01-11-2019,4.77,100.0
02-11-2019,5.54,100.0
03-11-2019,5.38,100.0
04-11-2019,3.62,100.0
05-11-2019,6.04,100.0
06-11-2019,6.47,100.0
07-11-2019,7.35,100.0
08-11-2019,5.02,100.0
09-11-2019,7.2,100.0
10-11-2019,7.16,100.0
11-11-2019,5.09,100.0
12-11-2019,5.59,100.0
13-11-2019,5.9,100.0
14-11-2019,6.61,100.0
15-11-2019,7.62,100.0
16-11-2019,7.24,100.0
17-11-2019,6.74,100.0
18-11-2019,6.4,100.0
19-11-2019,7.91,100.0
20-11-2019,7.83,100.0
21-11-2019,5.73,100.0
22-11-2019,5.9,100.0
23-11-2019,5.03,100.0
24-11-2019,4.79,100.0
25-11-2019,4.3,100.0
26-11-2019,5.72,100.0
27-11-2019,7.18,100.0
28-11-2019,7.33,100.0
29-11-2019,7.0,100.0
30-11-2019,7.1,100.0
01-12-2019,6.89,100.0
02-12-2019,5.1,100.0
03-12-2019,7.36,100.0
04-12-2019,7.45,100.0
05-12-2019,7.32,100.0
06-12-2019,6.33,100.0
07-12-2019,5.88,100.0
08-12-2019,6.16,100.0
09-12-2019,6.04,100.0
10-12-2019,6.03,100.0
11-12-2019,6.24,100.0
12-12-2019,8.1,100.0
13-12-2019,7.82,100.0
14-12-2019,3.8,100.0
15-12-2019,6.38,100.0
16-12-2019,6.96,100.0
17-12-2019,7.59,100.0
18-12-2019,7.71,100.0
19-12-2019,5.49,100.0
20-12-2019,6.68,100.0
21-12-2019,7.49,100.0
22-12-2019,7.7,100.0
23-12-2019,8.56,100.0
24-12-2019,6.84,100.0
25-12-2019,6.41,100.0
26-12-2019,7.05,100.0
27-12-2019,7.78,100.0
28-12-2019,7.99,100.0
29-12-2019,7.89,100.0
30-12-2019,7.61,100.0
31-12-2019,7.87,100.0
01-01-2020,6.36,100.0
02-01-2020,6.44,100.0
03-01-2020,6.14,100.0
04-01-2020,6.59,100.0
05-01-2020,4.6,100.0
06-01-2020,5.04,100.0
07-01-2020,6.16,100.0
08-01-2020,4.8,100.0
09-01-2020,5.81,100.0
10-01-2020,7.02,100.0
11-01-2020,7.29,100.0
12-01-2020,6.96,100.0
13-01-2020,6.87,100.0
14-01-2020,6.95,100.0
15-01-2020,7.13,100.0
16-01-2020,6.69,100.0
17-01-2020,6.56,100.0
18-01-2020,6.25,100.0
19-01-2020,5.29,100.0
20-01-2020,6.33,100.0
21-01-2020,6.41,100.0
22-01-2020,5.9,100.0
23-01-2020,5.79,100.0
24-01-2020,6.31,100.0
25-01-2020,7.18,100.0
26-01-2020,6.96,100.0
27-01-2020,7.05,100.0
28-01-2020,6.6,100.0
29-01-2020,5.91,100.0
30-01-2020,6.8,100.0
31-01-2020,7.12,100.0
01-02-2020,7.01,100.0
02-02-2020,6.55,100.0
03-02-2020,6.94,100.0
04-02-2020,6.19,100.0
05-02-2020,5.82,100.0
06-02-2020,5.91,100.0
07-02-2020,6.54,100.0
08-02-2020,7.41,100.0
09-02-2020,6.64,100.0
10-02-2020,6.19,100.0
11-02-2020,5.56,100.0
12-02-2020,5.61,100.0
13-02-2020,6.08,100.0
14-02-2020,6.38,100.0
15-02-2020,6.99,100.0
16-02-2020,5.92,100.0
17-02-2020,5.23,100.0
18-02-2020,6.61,100.0
19-02-2020,6.7,100.0
20-02-2020,6.24,100.0
21-02-2020,4.51,100.0
22-02-2020,4.89,100.0
23-02-2020,4.63,100.0
24-02-2020,4.24,100.0
25-02-2020,5.04,100.0
26-02-2020,6.38,100.0
27-02-2020,5.94,100.0
28-02-2020,5.8,100.0
29-02-2020,5.21,100.0
01-03-2020,4.4,100.0
02-03-2020,4.82,100.0
03-03-2020,5.25,100.0
04-03-2020,4.78,100.0
05-03-2020,5.77,100.0
06-03-2020,5.63,100.0
07-03-2020,5.37,100.0
08-03-2020,5.15,100.0
09-03-2020,5.5,100.0
10-03-2020,5.72,100.0
11-03-2020,5.71,100.0
12-03-2020,4.62,100.0
13-03-2020,4.64,100.0
14-03-2020,4.73,100.0
15-03-2020,5.11,100.0
16-03-2020,4.39,100.0
17-03-2020,3.99,100.0
18-03-2020,4.67,100.0
19-03-2020,4.45,100.0
20-03-2020,4.13,100.0
21-03-2020,2.86,100.0
22-03-2020,3.63,100.0
23-03-2020,4.71,100.0
24-03-2020,4.86,100.0
25-03-2020,3.96,100.0
26-03-2020,3.61,100.0
27-03-2020,2.18,100.0
28-03-2020,2.44,100.0
29-03-2020,3.27,100.0
30-03-2020,3.99,100.0
31-03-2020,4.29,100.0
01-04-2020,3.79,100.0
02-04-2020,4.8,100.0
03-04-2020,3.78,100.0
04-04-2020,3.09,100.0
05-04-2020,3.54,100.0
06-04-2020,3.99,100.0
07-04-2020,4.33,100.0
08-04-2020,3.32,100.0
09-04-2020,2.35,100.0
10-04-2020,2.17,100.0
11-04-2020,1.79,100.0
12-04-2020,1.74,100.0
13-04-2020,2.54,100.0
14-04-2020,3.24,100.0
15-04-2020,2.45,100.0
16-04-2020,2.63,100.0
17-04-2020,3.09,100.0
18-04-2020,3.32,100.0
19-04-2020,2.65,100.0
20-04-2020,3.03,100.0
21-04-2020,3.24,100.0
22-04-2020,2.71,100.0
23-04-2020,1.25,100.0
24-04-2020,1.45,100.0
25-04-2020,2.0,100.0
26-04-2020,1.79,100.0
27-04-2020,2.24,100.0
28-04-2020,2.02,100.0
29-04-2020,2.67,100.0
30-04-2020,2.2,100.0
01-05-2020,2.4,100.0
02-05-2020,2.16,100.0
03-05-2020,2.19,100.0
04-05-2020,2.25,100.0
05-05-2020,2.06,100.0
06-05-2020,1.89,100.0
07-05-2020,2.71,100.0
08-05-2020,1.91,100.0
09-05-2020,2.19,100.0
10-05-2020,1.46,100.0
11-05-2020,1.54,100.0
12-05-2020,1.02,100.0
13-05-2020,1.4,100.0
14-05-2020,2.07,100.0
15-05-2020,2.14,100.0
16-05-2020,1.91,100.0
17-05-2020,2.61,100.0
18-05-2020,1.33,100.0
19-05-2020,0.71,100.0
20-05-2020,0.81,100.0
21-05-2020,0.92,100.0
22-05-2020,1.01,100.0
23-05-2020,1.53,100.0
24-05-2020,1.84,100.0
25-05-2020,1.73,100.0
26-05-2020,1.47,100.0
27-05-2020,0.56,100.0
28-05-2020,0.74,100.0
29-05-2020,0.77,100.0
30-05-2020,1.09,100.0
31-05-2020,1.14,100.0
01-06-2020,1.16,100.0
02-06-2020,0.72,100.0
03-06-2020,0.8,100.0
04-06-2020,0.83,100.0
05-06-2020,0.87,100.0
06-06-2020,1.19,100.0
07-06-2020,0.84,100.0
08-06-2020,0.53,100.0
09-06-2020,1.02,100.0
10-06-2020,0.82,100.0
11-06-2020,0.66,100.0
12-06-2020,0.78,100.0
13-06-2020,0.71,100.0
14-06-2020,1.28,100.0
15-06-2020,0.79,100.0
16-06-2020,0.59,100.0
17-06-2020,0.82,100.0
18-06-2020,0.56,100.0
19-06-2020,0.67,100.0
20-06-2020,0.51,100.0
21-06-2020,0.6,100.0
22-06-2020,0.57,100.0
23-06-2020,0.69,100.0
24-06-2020,0.95,100.0
25-06-2020,0.67,100.0
26-06-2020,1.19,100.0
27-06-2020,0.83,100.0
28-06-2020,0.88,100.0
29-06-2020,0.91,100.0
30-06-2020,0.6,100.0
01-07-2020,0.69,100.0
02-07-2020,0.71,100.0
03-07-2020,0.97,100.0
04-07-2020,0.61,100.0
05-07-2020,0.67,100.0
06-07-2020,0.63,100.0
07-07-2020,0.79,100.0
08-07-2020,1.05,100.0
09-07-2020,0.99,100.0
10-07-2020,0.97,100.0
11-07-2020,0.92,100.0
12-07-2020,0.92,100.0
13-07-2020,1.25,100.0
14-07-2020,1.44,100.0
15-07-2020,1.66,100.0
16-07-2020,0.54,100.0
17-07-2020,0.75,100.0
18-07-2020,0.67,100.0
19-07-2020,1.06,100.0
20-07-2020,1.19,100.0
21-07-2020,0.58,100.0
22-07-2020,0.88,100.0
23-07-2020,0.91,100.0
24-07-2020,1.1,100.0
25-07-2020,0.88,100.0
26-07-2020,0.96,100.0
27-07-2020,1.07,100.0
28-07-2020,1.18,100.0
29-07-2020,1.34,100.0
30-07-2020,1.38,100.0
31-07-2020,1.16,100.0
01-08-2020,1.3,100.0
02-08-2020,1.27,100.0
03-08-2020,1.52,100.0
04-08-2020,1.84,100.0
05-08-2020,1.2,100.0
06-08-2020,1.43,100.0
07-08-2020,1.57,100.0
08-08-2020,1.78,100.0
09-08-2020,1.73,100.0
10-08-2020,1.6,100.0
11-08-2020,1.53,100.0
12-08-2020,1.4,100.0
13-08-2020,1.48,100.0
14-08-2020,1.2,100.0
15-08-2020,1.38,100.0
16-08-2020,1.6,100.0
17-08-2020,1.8,100.0
18-08-2020,1.04,100.0
19-08-2020,1.46,100.0
20-08-2020,1.71,100.0
21-08-2020,1.97,100.0
22-08-2020,2.19,100.0
23-08-2020,1.4,100.0
24-08-2020,2.06,100.0
25-08-2020,1.5,100.0
26-08-2020,1.65,100.0
27-08-2020,1.48,100.0
28-08-2020,1.05,100.0
29-08-2020,1.89,100.0
30-08-2020,1.72,100.0
31-08-2020,1.96,100.0
01-09-2020,1.13,100.0
02-09-2020,1.91,100.0
03-09-2020,2.12,100.0
04-09-2020,2.25,100.0
05-09-2020,1.88,100.0
06-09-2020,2.25,100.0
07-09-2020,2.05,100.0
08-09-2020,0.79,100.0
09-09-2020,2.47,100.0
10-09-2020,2.75,100.0
11-09-2020,2.51,100.0
12-09-2020,2.6,100.0
13-09-2020,2.67,100.0
14-09-2020,3.54,100.0
15-09-2020,1.82,100.0
16-09-2020,2.65,100.0
17-09-2020,2.94,100.0
18-09-2020,3.32,100.0
19-09-2020,3.39,100.0
20-09-2020,3.27,100.0
21-09-2020,3.0,100.0
22-09-2020,3.62,100.0
23-09-2020,3.15,100.0
24-09-2020,3.03,100.0
25-09-2020,1.09,100.0
26-09-2020,2.83,100.0
27-09-2020,3.24,100.0
28-09-2020,3.68,100.0
29-09-2020,2.27,100.0
30-09-2020,2.82,100.0
01-10-2020,2.82,100.0
02-10-2020,3.05,100.0
03-10-2020,3.29,100.0
04-10-2020,3.1,100.0
05-10-2020,3.79,100.0
06-10-2020,3.43,100.0
07-10-2020,4.06,100.0
08-10-2020,4.02,100.0
09-10-2020,4.01,100.0
10-10-2020,4.5,100.0
11-10-2020,4.8,100.0
12-10-2020,4.7,100.0
13-10-2020,4.0,100.0
14-10-2020,3.7,100.0
15-10-2020,4.6,100.0
16-10-2020,4.0,100.0
17-10-2020,4.7,100.0
18-10-2020,4.6,100.0
19-10-2020,4.5,100.0
20-10-2020,4.8,100.0
21-10-2020,4.5,100.0
22-10-2020,4.8,100.0
23-10-2020,4.8,100.0
24-10-2020,4.5,100.0
25-10-2020,4.1,100.0
26-10-2020,4.9,100.0
27-10-2020,1.9,100.0
28-10-2020,4.5,100.0
29-10-2020,5.0,100.0
30-10-2020,5.04,100.0
31-10-2020,4.7,100.0
01-11-2020,3.91,100.0
02-11-2020,4.37,100.0
03-11-2020,5.36,100.0
04-11-2020,3.94,100.0
05-11-2020,4.79,100.0
06-11-2020,4.97,100.0
07-11-2020,6.0,100.0
08-11-2020,4.44,100.0
09-11-2020,4.74,100.0
10-11-2020,4.87,100.0
11-11-2020,4.03,100.0
12-11-2020,4.32,100.0
13-11-2020,1.97,100.0
14-11-2020,4.01,100.0
15-11-2020,4.77,100.0
16-11-2020,5.02,100.0
17-11-2020,2.91,100.0
18-11-2020,4.44,100.0
19-11-2020,3.06,100.0
20-11-2020,3.48,100.0
21-11-2020,4.71,100.0
22-11-2020,5.58,100.0
23-11-2020,5.26,100.0
24-11-2020,5.14,100.0
25-11-2020,5.14,100.0
26-11-2020,6.25,100.0
27-11-2020,6.05,100.0
28-11-2020,5.53,100.0
29-11-2020,5.94,100.0
30-11-2020,6.14,100.0
01-12-2020,5.45,100.0
02-12-2020,5.06,100.0
03-12-2020,6.0,100.0
04-12-2020,5.99,100.0
05-12-2020,5.24,100.0
06-12-2020,5.59,100.0
07-12-2020,5.05,100.0
08-12-2020,5.68,100.0
09-12-2020,6.51,100.0
10-12-2020,4.58,100.0
11-12-2020,5.41,100.0
12-12-2020,6.2,100.0
13-12-2020,5.67,100.0
14-12-2020,5.9,100.0
15-12-2020,5.79,100.0
16-12-2020,6.13,100.0
17-12-2020,5.4,100.0
18-12-2020,3.6,100.0
19-12-2020,4.67,100.0
20-12-2020,5.25,100.0
21-12-2020,6.36,100.0
22-12-2020,5.9,100.0
23-12-2020,4.84,100.0
24-12-2020,5.5,100.0
25-12-2020,6.58,100.0
26-12-2020,5.36,100.0
27-12-2020,4.31,100.0
28-12-2020,5.42,100.0
29-12-2020,4.68,100.0
30-12-2020,5.5,100.0
31-12-2020,6.2,100.0
01-01-2021,5.68,100.0
02-01-2021,5.02,100.0
03-01-2021,5.76,100.0
04-01-2021,5.65,100.0
05-01-2021,5.14,100.0
06-01-2021,5.09,100.0
07-01-2021,5.75,100.0
08-01-2021,4.93,100.0
09-01-2021,4.43,100.0
10-01-2021,5.02,100.0
11-01-2021,4.97,100.0
12-01-2021,5.52,100.0
13-01-2021,5.98,100.0
14-01-2021,5.8,100.0
15-01-2021,5.72,100.0
16-01-2021,5.52,100.0
17-01-2021,5.99,100.0
18-01-2021,5.7,100.0
19-01-2021,4.69,100.0
20-01-2021,4.74,100.0
21-01-2021,4.38,100.0
22-01-2021,4.57,100.0
23-01-2021,4.6,100.0
24-01-2021,4.75,100.0
25-01-2021,4.87,100.0
26-01-2021,5.35,100.0
27-01-2021,5.22,100.0
28-01-2021,5.04,100.0
29-01-2021,1.77,100.0
30-01-2021,1.94,100.0
31-01-2021,2.65,100.0
01-02-2021,3.14,100.0
02-02-2021,3.67,100.0
03-02-2021,4.27,100.0
04-02-2021,4.79,100.0
05-02-2021,3.42,100.0
06-02-2021,2.36,100.0
07-02-2021,3.12,100.0
08-02-2021,3.82,100.0
09-02-2021,4.34,100.0
10-02-2021,4.14,100.0
11-02-2021,2.47,100.0
12-02-2021,3.25,100.0
13-02-2021,2.85,100.0
14-02-2021,3.11,100.0
15-02-2021,3.17,100.0
16-02-2021,1.7,100.0
17-02-2021,3.7,100.0
18-02-2021,3.89,100.0
19-02-2021,4.17,100.0
20-02-2021,4.72,100.0
21-02-2021,4.37,100.0
22-02-2021,4.96,100.0
23-02-2021,5.01,100.0
24-02-2021,4.64,100.0
25-02-2021,3.92,100.0
26-02-2021,3.87,100.0
27-02-2021,4.66,100.0
28-02-2021,5.25,100.0
01-03-2021,3.5,100.0
02-03-2021,3.99,100.0
03-03-2021,4.28,100.0
04-03-2021,4.71,100.0
05-03-2021,3.65,100.0
06-03-2021,3.8,100.0
07-03-2021,3.96,100.0
08-03-2021,4.84,100.0
09-03-2021,4.47,100.0
10-03-2021,3.42,100.0
11-03-2021,3.11,100.0
12-03-2021,4.24,100.0
13-03-2021,3.55,100.0
14-03-2021,3.56,100.0
15-03-2021,1.72,100.0
16-03-2021,2.39,100.0
17-03-2021,3.05,100.0
18-03-2021,1.76,100.0
19-03-2021,2.33,100.0
20-03-2021,3.39,100.0
21-03-2021,3.51,100.0
22-03-2021,3.33,100.0
23-03-2021,3.66,100.0
24-03-2021,3.29,100.0
25-03-2021,3.07,100.0
26-03-2021,3.13,100.0
27-03-2021,3.96,100.0
28-03-2021,3.61,100.0
29-03-2021,2.27,100.0
30-03-2021,2.61,100.0
31-03-2021,2.77,100.0
01-04-2021,1.95,100.0
02-04-2021,2.11,100.0
03-04-2021,3.46,100.0
04-04-2021,1.85,100.0
05-04-2021,2.26,100.0
06-04-2021,2.59,100.0
07-04-2021,2.7,100.0
08-04-2021,2.76,100.0
09-04-2021,2.73,100.0
10-04-2021,2.63,100.0
11-04-2021,3.07,100.0
12-04-2021,3.3,100.0
13-04-2021,3.56,100.0
14-04-2021,2.74,100.0
15-04-2021,2.78,100.0
16-04-2021,3.05,100.0
17-04-2021,1.71,100.0
18-04-2021,2.25,100.0
19-04-2021,1.84,100.0
20-04-2021,2.15,100.0
21-04-2021,2.58,100.0
22-04-2021,1.97,100.0
23-04-2021,0.83,100.0
24-04-2021,2.08,100.0
25-04-2021,2.48,100.0
26-04-2021,2.32,100.0
27-04-2021,1.84,100.0
28-04-2021,2.56,100.0
29-04-2021,1.99,100.0
30-04-2021,0.96,100.0
01-05-2021,1.24,100.0
02-05-2021,1.52,100.0
03-05-2021,1.94,100.0
04-05-2021,1.44,100.0
05-05-2021,1.76,100.0
06-05-2021,2.25,100.0
07-05-2021,2.01,100.0
08-05-2021,1.21,100.0
09-05-2021,1.45,100.0
10-05-2021,2.16,100.0
11-05-2021,1.97,100.0
12-05-2021,2.56,100.0
13-05-2021,1.4,100.0
14-05-2021,1.92,100.0
15-05-2021,1.06,100.0
16-05-2021,1.41,100.0
17-05-2021,2.61,100.0
18-05-2021,1.81,100.0
19-05-2021,1.01,100.0
20-05-2021,1.05,100.0
21-05-2021,1.01,100.0
22-05-2021,1.21,100.0
23-05-2021,1.24,100.0
24-05-2021,1.59,100.0
25-05-2021,1.69,100.0
26-05-2021,1.63,100.0
27-05-2021,1.69,100.0
28-05-2021,1.5,100.0
29-05-2021,0.8,100.0
30-05-2021,1.34,100.0
31-05-2021,1.82,100.0
01-06-2021,1.46,100.0
02-06-2021,1.64,100.0
03-06-2021,1.57,100.0
04-06-2021,0.84,100.0
05-06-2021,1.14,100.0
06-06-2021,1.11,100.0
07-06-2021,1.71,100.0
08-06-2021,1.61,100.0
09-06-2021,1.21,100.0
10-06-2021,1.11,100.0
11-06-2021,1.6,100.0
12-06-2021,2.05,100.0
13-06-2021,1.39,100.0
14-06-2021,1.28,100.0
15-06-2021,1.02,100.0
16-06-2021,1.25,100.0
17-06-2021,1.04,100.0
18-06-2021,0.89,100.0
19-06-2021,0.9,100.0
20-06-2021,0.75,100.0
21-06-2021,1.08,100.0
22-06-2021,1.45,100.0
23-06-2021,0.61,100.0
24-06-2021,0.56,100.0
25-06-2021,0.6,100.0
26-06-2021,0.67,100.0
27-06-2021,0.52,100.0
28-06-2021,0.57,100.0
29-06-2021,0.79,100.0
30-06-2021,1.01,100.0
01-07-2021,1.13,100.0
02-07-2021,1.18,100.0
03-07-2021,1.14,100.0
04-07-2021,1.33,100.0
05-07-2021,1.73,100.0
06-07-2021,1.02,100.0
07-07-2021,1.41,100.0
08-07-2021,1.54,100.0
09-07-2021,0.77,100.0
10-07-2021,1.05,100.0
11-07-2021,1.64,100.0
12-07-2021,0.59,100.0
13-07-2021,0.81,100.0
14-07-2021,0.94,100.0
15-07-2021,1.29,100.0
16-07-2021,1.44,100.0
17-07-2021,1.21,100.0
18-07-2021,1.89,100.0
19-07-2021,2.38,100.0
20-07-2021,2.09,100.0
21-07-2021,2.05,100.0
22-07-2021,1.94,100.0
23-07-2021,1.54,100.0
24-07-2021,0.7,100.0
25-07-2021,1.41,100.0
26-07-2021,1.1,100.0
27-07-2021,1.36,100.0
28-07-2021,1.59,100.0
29-07-2021,2.06,100.0
30-07-2021,1.89,100.0
31-07-2021,1.96,100.0
01-08-2021,2.58,100.0
02-08-2021,2.69,100.0
03-08-2021,2.09,100.0
04-08-2021,1.47,100.0
05-08-2021,1.05,100.0
06-08-2021,1.49,100.0
07-08-2021,0.64,100.0
08-08-2021,1.01,100.0
09-08-2021,1.25,100.0
10-08-2021,1.54,100.0
11-08-2021,2.04,100.0
12-08-2021,0.88,100.0
13-08-2021,1.09,100.0
14-08-2021,1.77,100.0
15-08-2021,1.02,100.0
16-08-2021,1.66,100.0
17-08-2021,1.71,100.0
18-08-2021,0.87,100.0
19-08-2021,1.09,100.0
20-08-2021,0.84,100.0
21-08-2021,1.63,100.0
22-08-2021,1.51,100.0
23-08-2021,1.36,100.0
24-08-2021,1.66,100.0
25-08-2021,1.6,100.0
26-08-2021,1.59,100.0
27-08-2021,1.19,100.0
28-08-2021,2.03,100.0
29-08-2021,3.06,100.0
30-08-2021,1.03,100.0
31-08-2021,1.52,100.0
01-09-2021,1.65,100.0
02-09-2021,2.24,100.0
03-09-2021,1.13,100.0
04-09-2021,2.27,100.0
05-09-2021,2.41,100.0
06-09-2021,1.78,100.0
07-09-2021,1.71,100.0
08-09-2021,2.12,100.0
09-09-2021,3.21,100.0
10-09-2021,3.06,100.0
11-09-2021,1.29,100.0
12-09-2021,1.96,100.0
13-09-2021,1.55,100.0
14-09-2021,2.39,100.0
15-09-2021,2.63,100.0
16-09-2021,3.36,100.0
17-09-2021,2.8,100.0
18-09-2021,2.23,100.0
19-09-2021,2.06,100.0
20-09-2021,2.51,100.0
21-09-2021,2.72,100.0
22-09-2021,2.58,100.0
23-09-2021,3.58,100.0
24-09-2021,4.72,100.0
25-09-2021,2.64,100.0
26-09-2021,3.09,100.0
27-09-2021,3.58,100.0
28-09-2021,4.37,100.0
29-09-2021,3.64,100.0
30-09-2021,3.31,100.0
01-10-2021,3.41,100.0
02-10-2021,2.92,100.0
03-10-2021,3.33,100.0
04-10-2021,3.96,100.0
05-10-2021,3.62,100.0
06-10-2021,3.97,100.0
07-10-2021,3.87,100.0
08-10-2021,1.89,100.0
09-10-2021,3.36,100.0
10-10-2021,3.21,100.0
11-10-2021,4.38,100.0
12-10-2021,2.66,100.0
13-10-2021,3.34,100.0
14-10-2021,2.04,100.0
15-10-2021,3.41,100.0
16-10-2021,3.99,100.0
17-10-2021,4.06,100.0
18-10-2021,4.85,100.0
19-10-2021,5.12,100.0
20-10-2021,1.86,100.0
21-10-2021,3.42,100.0
22-10-2021,3.46,100.0
23-10-2021,3.9,100.0
24-10-2021,4.59,100.0
25-10-2021,5.47,100.0
26-10-2021,4.75,100.0
27-10-2021,4.16,100.0
28-10-2021,5.09,100.0
29-10-2021,5.45,100.0
30-10-2021,5.75,100.0
31-10-2021,3.69,100.0
01-11-2021,3.2,100.0
02-11-2021,4.8,100.0
03-11-2021,3.81,100.0
04-11-2021,3.5,100.0
05-11-2021,4.8,100.0
06-11-2021,4.39,100.0
07-11-2021,4.73,100.0
08-11-2021,5.47,100.0
09-11-2021,4.38,100.0
10-11-2021,3.84,100.0
11-11-2021,4.32,100.0
12-11-2021,4.46,100.0
13-11-2021,4.51,100.0
14-11-2021,5.51,100.0
15-11-2021,5.18,100.0
16-11-2021,5.55,100.0
17-11-2021,5.68,100.0
18-11-2021,5.69,100.0
19-11-2021,4.7,100.0
20-11-2021,5.25,100.0
21-11-2021,5.72,100.0
22-11-2021,6.26,100.0
23-11-2021,4.55,100.0
24-11-2021,3.64,100.0
25-11-2021,6.03,100.0
26-11-2021,4.8,100.0
27-11-2021,4.21,100.0
28-11-2021,5.29,100.0
29-11-2021,5.85,100.0
30-11-2021,4.46,100.0
01-12-2021,4.63,100.0
02-12-2021,4.96,100.0
03-12-2021,5.01,100.0
04-12-2021,5.62,100.0
05-12-2021,6.66,100.0
06-12-2021,4.84,100.0
07-12-2021,4.91,100.0
08-12-2021,5.49,100.0
09-12-2021,5.12,100.0
10-12-2021,4.02,100.0
11-12-2021,3.07,100.0
12-12-2021,4.31,100.0
13-12-2021,5.04,100.0
14-12-2021,5.09,100.0
15-12-2021,5.63,100.0
16-12-2021,5.27,100.0
17-12-2021,5.31,100.0
18-12-2021,6.19,100.0
19-12-2021,6.66,100.0
20-12-2021,6.77,100.0
21-12-2021,6.13,100.0
22-12-2021,5.71,100.0
23-12-2021,4.8,100.0
24-12-2021,6.19,100.0
25-12-2021,6.65,100.0
26-12-2021,6.32,100.0
27-12-2021,5.35,100.0
28-12-2021,5.05,100.0
29-12-2021,3.36,100.0
30-12-2021,5.65,100.0
31-12-2021,6.01,100.0
01-01-2022,5.78,100.0
02-01-2022,5.87,100.0
03-01-2022,6.16,100.0
04-01-2022,5.89,100.0
05-01-2022,6.1,100.0
06-01-2022,5.29,100.0
07-01-2022,6.17,100.0
08-01-2022,4.83,100.0
09-01-2022,4.47,100.0
10-01-2022,5.4,100.0
11-01-2022,5.3,100.0
12-01-2022,5.44,100.0
13-01-2022,4.65,100.0
14-01-2022,5.57,100.0
15-01-2022,5.1,100.0
16-01-2022,3.29,100.0
17-01-2022,4.36,100.0
18-01-2022,5.44,100.0
19-01-2022,5.66,100.0
20-01-2022,5.8,100.0
21-01-2022,6.19,100.0
22-01-2022,5.91,100.0
23-01-2022,6.07,100.0
24-01-2022,6.56,100.0
25-01-2022,5.69,100.0
26-01-2022,5.08,100.0
27-01-2022,4.77,100.0
28-01-2022,4.32,100.0
29-01-2022,4.08,100.0
30-01-2022,4.81,100.0
31-01-2022,5.45,100.0
01-02-2022,4.88,100.0
02-02-2022,4.95,100.0
03-02-2022,4.2,100.0
04-02-2022,4.79,100.0
05-02-2022,5.19,100.0
06-02-2022,5.92,100.0
07-02-2022,5.24,100.0
08-02-2022,5.45,100.0
09-02-2022,5.22,100.0
10-02-2022,3.3,100.0
11-02-2022,4.47,100.0
12-02-2022,6.14,100.0
13-02-2022,4.75,100.0
14-02-2022,4.56,100.0
15-02-2022,3.76,100.0
16-02-2022,5.15,100.0
17-02-2022,5.73,100.0
18-02-2022,5.56,100.0
19-02-2022,5.42,100.0
20-02-2022,4.71,100.0
21-02-2022,4.08,100.0
22-02-2022,4.14,100.0
23-02-2022,4.24,100.0
24-02-2022,4.13,100.0
25-02-2022,4.98,100.0
26-02-2022,5.14,100.0
27-02-2022,4.74,100.0
28-02-2022,4.61,100.0
01-03-2022,5.08,100.0
02-03-2022,5.07,100.0
03-03-2022,4.52,100.0
04-03-2022,4.55,100.0
05-03-2022,4.45,100.0
06-03-2022,4.13,100.0
07-03-2022,4.65,100.0
08-03-2022,4.14,100.0
09-03-2022,4.32,100.0
10-03-2022,4.3,100.0
11-03-2022,4.64,100.0
12-03-2022,3.96,100.0
13-03-2022,4.83,100.0
14-03-2022,4.2,100.0
15-03-2022,3.84,100.0
16-03-2022,2.77,100.0
17-03-2022,2.18,100.0
18-03-2022,3.63,100.0
19-03-2022,3.83,100.0
20-03-2022,4.46,100.0
21-03-2022,3.63,100.0
22-03-2022,4.25,100.0
23-03-2022,3.22,100.0
24-03-2022,3.5,100.0
25-03-2022,4.53,100.0
26-03-2022,2.88,100.0
27-03-2022,2.91,100.0
28-03-2022,4.09,100.0
29-03-2022,3.52,100.0
30-03-2022,3.77,100.0
31-03-2022,3.97,100.0
01-04-2022,4.01,100.0
02-04-2022,4.19,100.0
03-04-2022,2.67,100.0
04-04-2022,3.19,100.0
05-04-2022,3.97,100.0
06-04-2022,3.75,100.0
07-04-2022,3.23,100.0
08-04-2022,3.54,100.0
09-04-2022,2.43,100.0
10-04-2022,2.28,100.0
11-04-2022,2.3,100.0
12-04-2022,2.71,100.0
13-04-2022,2.62,100.0
14-04-2022,2.96,100.0
15-04-2022,1.16,100.0
16-04-2022,2.3,100.0
17-04-2022,2.26,100.0
18-04-2022,2.43,100.0
19-04-2022,2.23,100.0
20-04-2022,2.03,100.0
21-04-2022,1.53,100.0
22-04-2022,2.19,100.0
23-04-2022,2.58,100.0
24-04-2022,1.98,100.0
25-04-2022,2.44,100.0
26-04-2022,1.81,100.0
27-04-2022,0.87,100.0
28-04-2022,1.22,100.0
29-04-2022,1.84,100.0
30-04-2022,1.76,100.0
01-05-2022,1.8,100.0
02-05-2022,1.58,100.0
03-05-2022,1.87,100.0
04-05-2022,2.67,100.0
05-05-2022,0.79,100.0
06-05-2022,1.38,100.0
07-05-2022,1.89,100.0
08-05-2022,0.69,100.0
09-05-2022,1.4,100.0
10-05-2022,1.8,100.0
11-05-2022,1.3,100.0
12-05-2022,1.08,100.0
13-05-2022,1.55,100.0
14-05-2022,1.23,100.0
15-05-2022,2.14,100.0
16-05-2022,1.31,100.0
17-05-2022,1.3,100.0
18-05-2022,0.94,100.0
19-05-2022,1.27,100.0
20-05-2022,1.25,100.0
21-05-2022,1.05,100.0
22-05-2022,0.79,100.0
23-05-2022,1.21,100.0
24-05-2022,0.97,100.0
25-05-2022,1.01,100.0
26-05-2022,0.68,100.0
27-05-2022,0.54,100.0
28-05-2022,0.52,100.0
29-05-2022,0.81,100.0
30-05-2022,0.88,100.0
31-05-2022,1.08,100.0
01-06-2022,1.02,100.0
02-06-2022,0.75,100.0
03-06-2022,0.48,100.0
04-06-2022,0.65,100.0
05-06-2022,1.09,100.0
06-06-2022,0.88,100.0
07-06-2022,0.81,100.0
08-06-2022,0.8,100.0
09-06-2022,0.78,100.0
10-06-2022,1.01,100.0
11-06-2022,1.78,100.0
12-06-2022,0.9,100.0
13-06-2022,0.8,100.0
14-06-2022,0.74,100.0
15-06-2022,0.8,100.0
16-06-2022,0.85,100.0
17-06-2022,0.95,100.0
18-06-2022,1.07,100.0
19-06-2022,0.99,100.0
20-06-2022,0.96,100.0
21-06-2022,0.73,100.0
22-06-2022,0.9,100.0
23-06-2022,1.09,100.0
24-06-2022,0.55,100.0
25-06-2022,0.75,100.0
26-06-2022,0.57,100.0
27-06-2022,0.97,100.0
28-06-2022,0.95,100.0
29-06-2022,1.22,100.0
30-06-2022,1.22,100.0
01-07-2022,0.78,100.0
02-07-2022,0.62,100.0
03-07-2022,0.42,100.0
04-07-2022,0.66,100.0
05-07-2022,0.75,100.0
06-07-2022,0.48,100.0
07-07-2022,0.71,100.0
08-07-2022,1.08,100.0
09-07-2022,0.82,100.0
10-07-2022,0.52,100.0
11-07-2022,0.56,100.0
12-07-2022,0.72,100.0
13-07-2022,0.65,100.0
14-07-2022,0.98,100.0
15-07-2022,0.6,100.0
16-07-2022,0.79,100.0
17-07-2022,0.75,100.0
18-07-2022,1.09,100.0
19-07-2022,1.19,100.0
20-07-2022,1.24,100.0
21-07-2022,1.18,100.0
22-07-2022,1.44,100.0
23-07-2022,1.28,100.0
24-07-2022,0.62,100.0
25-07-2022,0.94,100.0
26-07-2022,1.1,100.0
27-07-2022,0.72,100.0
28-07-2022,1.29,100.0
29-07-2022,1.59,100.0
30-07-2022,0.67,100.0
31-07-2022,1.05,100.0
01-08-2022,0.61,100.0
02-08-2022,0.91,100.0
03-08-2022,1.09,100.0
04-08-2022,1.02,100.0
05-08-2022,1.33,100.0
06-08-2022,0.66,100.0
07-08-2022,0.99,100.0
08-08-2022,1.15,100.0
09-08-2022,1.65,100.0
10-08-2022,1.76,100.0
11-08-2022,1.44,100.0
12-08-2022,1.15,100.0
13-08-2022,1.45,100.0
14-08-2022,0.98,100.0
15-08-2022,1.02,100.0
16-08-2022,0.68,100.0
17-08-2022,0.91,100.0
18-08-2022,1.41,100.0
19-08-2022,1.78,100.0
20-08-2022,1.88,100.0
21-08-2022,1.84,100.0
22-08-2022,0.61,100.0
23-08-2022,1.49,100.0
24-08-2022,1.31,100.0
25-08-2022,1.73,100.0
26-08-2022,0.98,100.0
27-08-2022,1.75,100.0
28-08-2022,2.18,100.0
29-08-2022,2.22,100.0
30-08-2022,1.02,100.0
31-08-2022,0.82,100.0
01-09-2022,1.24,100.0
02-09-2022,2.13,100.0
03-09-2022,2.44,100.0
04-09-2022,2.54,100.0
05-09-2022,2.79,100.0
06-09-2022,2.5,100.0
07-09-2022,1.55,100.0
08-09-2022,1.12,100.0
09-09-2022,1.82,100.0
10-09-2022,2.15,100.0
11-09-2022,1.27,100.0
12-09-2022,1.95,100.0
13-09-2022,1.82,100.0
14-09-2022,2.7,100.0
15-09-2022,2.53,100.0
16-09-2022,1.31,100.0
17-09-2022,1.33,100.0
18-09-2022,1.42,100.0
19-09-2022,1.88,100.0
20-09-2022,1.5,100.0
21-09-2022,2.39,100.0
22-09-2022,2.95,100.0
23-09-2022,2.29,100.0
