date,rhmin,rhmax,tmin,tmax,temp,wind,rs,rh,pressure,et0,ra,et0_pmfao56,et0_hs,et0_fao24,et0_hamon
2021-01-01,28.5,62.5,16.0,28.9,22.4,16.8,33.3,45.5,958.0,8.7,44.12124043987763,8.632600162290768,5.98501015402496,8.03687666271476,5.64990637762957
2021-01-02,34.3,78.3,14.1,28.7,21.4,18.3,31.8,56.3,959.0,8.0,44.08544274707749,7.931729246736886,6.197768243632441,7.211373540586839,5.30090404366743
2021-01-03,25.2,77.4,14.6,30.8,22.7,16.6,33.6,51.3,959.0,9.0,44.04628677575424,8.88268443436349,6.747513659002216,7.900403084869999,5.741747961136027
2021-01-04,27.8,69.7,15.5,30.3,22.9,16.6,33.4,48.8,957.0,8.9,44.0037713766795,8.779747445702377,6.476209759970598,7.9841971605403605,5.805458503325564
2021-01-05,25.4,73.2,12.0,28.4,20.2,18.2,33.6,49.3,958.0,8.6,43.957895559843365,8.519092200326664,6.341882770817228,7.762736705103172,4.896314880279113
2021-01-06,23.6,78.4,12.3,29.0,20.6,16.0,33.6,51.0,960.0,8.5,43.908658512103194,8.394369999586798,6.462233388855763,7.592345633408724,5.01191091289155
2021-01-07,25.3,75.8,14.0,30.4,22.2,15.1,33.3,50.6,960.0,8.6,43.85605961608738,8.540289549113403,6.673044689706156,7.683799097795374,5.529252575459114
2021-01-08,30.1,75.0,13.9,28.2,21.0,17.2,33.5,52.6,960.0,8.2,43.80009847035968,8.1420133917369,6.029553033588265,7.640164333977685,5.120181528971188
2021-01-09,34.1,94.4,11.4,26.6,19.0,16.1,25.6,64.2,960.0,6.4,43.74077491084773,6.341501896821995,5.876660834906167,5.129681307832981,4.509696764198698
2021-01-10,24.9,74.6,10.2,27.4,18.8,16.6,33.9,49.8,960.0,8.1,43.67808903353629,8.093532912739157,6.207260803119192,7.4996097770158086,4.4445279651142275
2021-01-11,24.9,73.4,11.0,28.1,19.6,13.8,33.7,49.2,961.0,7.9,43.61204121842225,7.90099906329545,6.319768468999142,7.394810891647906,4.662361812144275
2021-01-12,23.5,65.5,12.9,30.0,21.4,13.6,33.5,44.5,959.0,8.5,43.542632154725545,8.456526311759728,6.624855829927301,7.755728682489797,5.205815539193305
2021-01-13,19.1,53.3,12.2,30.0,21.1,14.6,33.9,36.2,959.0,9.1,43.46986286734538,9.028554993273506,6.694220145299762,8.175202829865466,5.097179809942057
2021-01-14,21.3,55.4,12.6,29.5,21.0,14.1,33.5,38.4,958.0,8.8,43.39373474454754,8.658798294341116,6.494001670638301,7.953531245308782,5.053122347143716
2021-01-15,18.2,59.7,13.3,29.4,21.4,15.0,32.0,39.0,958.0,8.9,43.31424956686332,8.697321676126677,6.394512347443775,7.681619530828182,5.167992324960227
2021-01-16,20.9,60.8,14.0,29.0,21.5,14.1,33.5,40.8,958.0,8.6,43.231409537176255,8.534856003670619,6.176707733441692,7.939973450583518,5.186828226952007
2021-01-17,13.4,57.0,13.2,32.0,22.6,12.1,33.9,35.2,958.0,9.2,43.145217311967514,9.134145567862625,7.1018745446700065,8.221987931269602,5.540982313015208
2021-01-18,21.4,59.0,14.5,31.2,22.8,12.3,32.9,40.2,956.0,8.6,43.05567603368533,8.567636444366808,6.7139564491502,7.852838169198415,5.5950581106253825
2021-01-19,31.6,66.6,15.8,29.3,22.6,15.2,31.5,49.1,958.0,8.2,42.9627893641986,8.04227624261011,5.992675551367724,7.368024706505328,5.509695609099541
2021-01-20,35.1,79.8,14.6,30.0,22.3,17.1,31.8,57.4,957.0,8.1,42.866561519288965,7.986883026146204,6.336913355536477,7.201359958654675,5.391372425135048
2021-01-21,40.9,77.7,15.4,28.2,21.8,15.9,31.5,59.3,958.0,7.3,42.76699730413018,7.276189271828334,5.6892362404000645,6.9139597228713665,5.209619225082265
2021-01-22,38.0,80.1,15.5,30.2,22.8,13.5,31.2,59.0,956.0,7.4,42.664102149697406,7.444312320127963,6.241818692632603,6.823695534801933,5.52830362259
2021-01-23,38.1,78.3,16.4,29.4,22.9,16.4,30.7,58.2,957.0,7.6,42.557882150043866,7.607049982867508,5.870185606981521,6.9329807371529215,5.545151671382575
2021-01-24,37.4,73.6,17.0,30.2,23.6,15.8,30.4,55.5,957.0,7.9,42.44834410037607,7.809211554838602,6.005473143167057,7.010300632148767,5.774126219424347
2021-01-25,37.4,74.8,16.3,29.4,22.8,17.8,31.2,56.1,956.0,8.0,42.33549553585344,7.897096461375332,5.846960595117794,7.2190073899957845,5.474063459155803
2021-01-26,23.6,71.9,15.2,29.9,22.5,17.8,31.2,47.8,958.0,8.9,42.21934477103255,8.716564609430456,6.129334993622153,7.5067244069776615,5.35391494349173
2021-01-27,24.1,68.3,13.7,29.4,21.5,15.1,31.9,46.2,958.0,8.4,42.099900939870786,8.272615869551675,6.1537936171402015,7.429344016791136,5.011868549395218
2021-01-28,21.3,58.4,15.7,28.2,22.0,15.0,23.1,39.8,956.0,7.7,41.97717403619926,7.527728005741582,5.547279418953536,5.502429634948557,5.1524110171626925
2021-01-29,44.3,97.2,14.5,22.3,18.4,11.8,6.9,70.8,958.0,3.1,41.85117495456971,2.871397293936009,3.9599313542612684,1.0342316881755613,4.099222127333614
2021-01-30,53.4,97.8,14.5,23.3,18.9,11.9,13.3,75.6,958.0,3.5,41.7219155313752,3.4732110031586516,4.253088657694607,2.208458112556669,4.213558416226395
2021-01-31,49.2,95.1,16.0,24.6,20.3,15.1,23.1,72.2,959.0,5.0,41.58940858614093,5.049714727423417,4.356869378105116,4.411659363170528,4.581364784621447
2021-02-01,47.1,99.6,12.2,23.7,18.0,14.9,26.4,73.4,958.0,5.0,41.453667962876274,5.142001277749774,4.70817049484341,4.812245310683426,3.9525731693199235
2021-02-02,39.5,100.0,13.0,25.0,19.0,14.3,28.3,69.8,958.0,5.7,41.31470857137676,5.789686796967914,4.931938774366223,5.39803352755475,4.190912141415088
2021-02-03,18.1,90.2,12.2,31.5,21.8,10.4,31.3,54.2,958.0,7.8,41.17254642836024,7.679056221447441,6.72553142399904,6.719545432510552,4.9724021305491
2021-02-04,29.8,82.5,15.6,31.4,23.5,14.2,31.3,56.2,957.0,8.1,41.027198698319616,8.013978745225014,6.334432293833304,7.0818416123810435,5.507286468211534
2021-02-05,53.0,98.8,13.5,24.3,18.9,18.0,27.5,75.9,958.0,5.1,40.87868373397143,5.226008388463873,4.616444741254974,5.160702525037901,4.114126856715042
2021-02-06,63.0,95.7,13.5,21.4,17.4,15.6,21.3,79.4,958.0,3.8,40.72702111617817,3.88329221038745,3.7674366178297496,3.6169869168149527,3.7302233895610444
2021-02-07,42.7,84.1,15.6,25.3,20.4,11.7,21.1,63.4,959.0,5.1,40.57223169322009,5.101677418090058,4.526239414620743,4.135768821937497,4.48033483436754
2021-02-08,39.8,82.6,12.9,26.3,19.6,15.3,30.2,61.2,959.0,6.5,40.414337619291665,6.524374273385513,5.184233607315282,6.25169696019999,4.2434086345666335
2021-02-09,30.9,85.6,12.9,30.8,21.8,14.0,30.1,58.2,957.0,7.7,40.25336239209747,7.5598496970218045,6.332408196786669,6.52402900667846,4.847565536850273
2021-02-10,40.8,85.2,15.6,29.2,22.4,15.2,29.4,63.0,956.0,7.0,40.08933088942139,6.9326988696621274,5.583680816460892,6.3122794132305255,5.010462841661288
2021-02-11,65.0,97.0,14.8,21.7,18.2,17.4,22.0,81.0,959.0,3.8,39.92226940454459,3.91416888781155,3.532506416879217,3.817761321692469,3.8363565206077257
2021-02-12,50.8,82.9,17.8,26.4,22.1,12.3,20.7,66.8,958.0,5.0,39.75220568038767,5.035629109918494,4.368717754765392,4.105180328307004,4.8730120472124545
2021-02-13,55.6,92.6,15.2,24.6,19.9,13.6,21.1,74.1,959.0,4.4,39.57916894225448,4.512463628745809,4.287680107128486,3.8593907267792567,4.227441316698604
2021-02-14,44.4,100.0,13.0,25.1,19.0,15.0,25.9,72.2,958.0,5.3,39.40318992905659,5.359033726684547,4.7233097499177585,4.8591879038415025,3.9775988391388295
2021-02-15,49.0,97.6,12.8,23.6,18.2,16.1,25.7,73.3,960.0,4.9,39.224300922899964,5.013480298975376,4.342204597675916,4.748676685256502,3.7657898870276396
2021-02-16,63.4,95.3,12.5,19.7,16.1,13.9,16.3,79.4,962.0,3.1,39.04253577691832,3.1579184892006045,3.3164199661475755,2.572197046175852,3.286870822828568
2021-02-17,38.8,84.2,13.2,25.9,19.5,15.1,26.9,61.5,961.0,6.1,38.8579299412408,6.089209120951391,4.839201214139585,5.500921740984405,4.045537999987545
2021-02-18,37.4,80.8,11.3,26.3,18.8,14.0,28.7,59.1,962.0,6.3,38.67052048698532,6.274012855088383,5.132131637529573,5.835895769129782,3.853548513718192
2021-02-19,31.3,79.6,12.2,28.9,20.5,12.1,28.9,55.4,961.0,6.8,38.4803461281734,6.778731610351527,5.648032408042774,6.094293179077165,4.264507574921484
2021-02-20,25.5,81.0,13.0,29.7,21.4,11.5,29.1,53.2,960.0,7.1,38.287447241466715,7.032547749833366,5.756762925206676,6.279837197837366,4.488921831449918
2021-02-21,30.1,73.3,13.3,28.7,21.0,12.5,28.9,51.7,960.0,7.0,38.09186588363036,6.931682240503523,5.44170031641168,6.301297106701309,4.356212492462237
2021-02-22,20.0,74.7,11.6,29.4,20.5,12.8,29.0,47.4,960.0,7.5,37.89364580663381,7.45126649393578,5.742174248368627,6.4265791031691855,4.200901318284978
2021-02-23,17.2,70.8,13.4,32.0,22.7,11.0,28.9,44.0,957.0,7.9,37.69283247030561,7.717393724902978,6.187172285436384,6.64895251147799,4.795614950803342
2021-02-24,27.1,70.2,13.3,28.8,21.0,11.6,28.5,48.7,956.0,6.9,37.489473052464255,6.878701302143682,5.373004433783723,6.261747411100693,4.290110816271115
2021-02-25,38.9,85.9,13.5,28.3,20.9,13.7,27.9,62.4,956.0,6.4,37.28361645645403,6.364341867783489,5.207488469514691,5.7653042440678535,4.24135151912036
2021-02-26,35.3,88.2,12.9,29.8,21.4,14.1,27.8,61.8,956.0,6.8,37.07531331602105,6.7629563129005605,5.607791783077266,5.838025430471128,4.353199912868529
2021-02-27,24.5,88.9,13.2,31.7,22.4,11.9,27.7,56.7,957.0,7.3,36.86461599747188,7.204769156678027,5.988497894127513,5.974729240642482,4.609646641126703
2021-02-28,15.6,78.4,14.1,33.1,23.6,11.6,27.4,47.0,955.0,8.0,36.65157859906388,7.8193731503656565,6.221125971187015,6.3286978493749535,4.942409713717042
2021-03-01,32.8,79.2,14.2,27.1,20.6,12.1,18.3,56.0,955.0,5.5,36.43625694758412,5.3718160189601365,4.713058665585786,3.750256794694775,4.075598369829964
2021-03-02,38.6,84.6,14.5,28.5,21.5,12.9,25.0,61.6,957.0,6.1,36.218708592080816,6.027426400140472,4.999297777869068,5.1750447945320905,4.288323504252551
2021-03-03,28.6,84.7,14.9,30.5,22.7,13.2,25.9,56.6,959.0,7.0,35.99899279471923,6.883292328220658,5.411648896493788,5.663879867410679,4.5973903580120465
2021-03-04,31.0,80.5,15.8,33.0,24.4,12.2,25.9,55.8,956.0,7.3,35.7771705187413,7.1284765535649575,5.894098981279447,5.794923621637208,5.085012093842195
2021-03-05,44.4,88.1,14.0,27.0,20.5,17.3,24.9,66.2,957.0,5.9,35.553304413516585,5.838735813892158,4.6041728770624015,5.11554106603689,3.9632822483312125
2021-03-06,39.5,88.6,14.4,28.2,21.3,13.5,24.9,64.0,958.0,5.9,35.32745879667938,5.894416707186188,4.8157561530482385,5.082803740606209,4.143600623260953
2021-03-07,33.4,83.2,14.6,30.9,22.8,12.2,25.6,58.3,959.0,6.6,35.0996996333556,6.54972174741818,5.407382283466497,5.495550624605123,4.52571738000915
2021-03-08,20.3,70.5,16.2,33.2,24.7,13.2,25.6,45.4,957.0,8.2,34.870094512489985,7.865424703196544,5.753434695612647,6.129717238293026,5.0680512154851325
2021-03-09,26.2,70.2,14.1,29.4,21.8,13.4,25.2,48.2,957.0,7.1,34.63871262029299,6.879038079269484,5.037878413757356,5.688204125759261,4.204295860409198
2021-03-10,38.6,87.6,12.5,26.5,19.5,12.6,24.1,63.1,960.0,5.5,34.40562471083385,5.431833643702024,4.498685414358655,4.735338844342536,3.6209208542885416
2021-03-11,37.2,77.5,13.4,27.0,20.2,12.0,17.5,57.4,960.0,5.2,34.170903073814536,5.0470888696925735,4.489369004092916,3.507475092449021,3.7615153702537274
2021-03-12,32.8,73.1,15.9,28.8,22.4,12.8,23.4,53.0,958.0,6.4,33.93462149956686,6.221483879797569,4.603203632152112,5.149651669362603,4.29150847402396
2021-03-13,35.2,77.9,13.9,27.3,20.6,13.1,23.9,56.6,959.0,6.0,33.69685524132241,5.857470628996132,4.442383075214871,5.013268980640168,3.813046400506687
2021-03-14,34.5,91.6,11.7,26.8,19.2,15.1,23.7,63.0,958.0,5.9,33.45768097481245,5.759690198932216,4.505511235887451,4.7419914910916905,3.4736059929085132
2021-03-15,62.0,93.7,12.7,18.3,15.5,13.6,8.3,77.8,961.0,2.3,33.217176755262265,2.3328095015371124,2.4429625384787297,1.159444608749021,2.7406183490378786
2021-03-16,44.6,79.5,13.3,22.5,17.9,10.5,14.1,62.0,961.0,3.8,32.97542197185116,3.7298924486893377,3.340166042766452,2.523899696343238,3.165782658519788
2021-03-17,40.4,82.3,13.5,24.5,19.0,12.4,17.4,61.4,959.0,4.6,32.73249729971636,4.516650295246747,3.7410873037064345,3.334837114410473,3.371454851057777
2021-03-18,53.1,95.9,11.8,19.5,15.6,11.4,11.1,74.5,959.0,2.7,32.488484649585494,2.7414702697728854,2.8104685942136096,1.6682696086412494,2.7101842065286026
2021-03-19,51.7,81.8,11.8,18.8,15.3,14.3,17.7,66.8,960.0,3.6,32.243467115128574,3.6305702688445542,2.634822632417347,3.076911593202196,2.644330601715987
2021-03-20,29.4,83.0,8.0,25.1,16.6,10.5,23.5,56.2,962.0,5.1,31.997528918126434,5.077627152045187,4.252523293932212,4.441491623290495,2.8513692131737836
2021-03-21,34.8,73.4,10.9,24.1,17.5,11.8,21.1,54.1,961.0,4.9,31.750755351558368,4.912830759030246,3.8077157237668504,4.137551001422036,2.9986481614580818
2021-03-22,25.2,79.5,10.7,27.4,19.0,10.2,23.4,52.4,961.0,5.7,31.503232720716877,5.520601180916327,4.436451283530873,4.7337897946239424,3.2739777521259965
2021-03-23,31.9,75.8,10.7,27.1,18.9,10.5,22.6,53.8,959.0,5.4,31.255048282462905,5.287385391315581,4.349516257563581,4.534114373900644,3.234364827833079
2021-03-24,38.3,85.2,10.7,24.8,17.8,13.5,21.7,61.8,960.0,5.0,31.006290182738933,4.925814094003698,3.8768877381574125,4.1636676146495795,3.001593043013636
2021-03-25,32.6,99.0,9.9,21.4,15.6,14.5,20.2,65.8,962.0,4.4,30.757047392462624,4.369606442710586,3.251602740211952,3.6078988011221926,2.6004602074792453
2021-03-26,16.3,90.0,6.5,25.0,15.8,9.1,22.8,53.2,961.0,5.0,30.507409641926817,4.9747039414513825,4.115960114363855,4.2404911037643505,2.6174991708693547
2021-03-27,11.1,69.4,7.1,29.6,18.4,8.6,23.2,40.2,957.0,6.0,30.257467353835857,5.861700621300443,4.862465505122384,4.850588271887967,3.060985411050088
2021-03-28,22.4,62.8,9.7,27.4,18.5,9.9,22.3,42.6,956.0,5.7,30.00731157511122,5.509664908171907,4.289297817084634,4.672371544736718,3.06176662499898
2021-03-29,47.3,100.0,9.1,21.7,15.4,14.7,20.4,73.6,958.0,3.8,29.757033907602434,3.8614024998539254,3.272557106667746,3.436298298905488,2.5073738299894353
2021-03-30,42.7,93.4,9.2,23.4,16.3,12.5,20.8,68.1,958.0,4.2,29.5067264378414,4.206210775173571,3.5413463973297192,3.656695678927573,2.6365453274389026
2021-03-31,41.3,94.8,8.6,24.3,16.4,11.3,20.9,68.0,956.0,4.2,29.256481665980825,4.232072447716531,3.703296619565449,3.646453533678244,2.6371368242735875
2021-04-01,50.1,100.0,10.4,21.7,16.0,12.1,16.3,75.0,958.0,3.3,29.006392434058565,3.304090137083178,3.0773264452099527,2.6233379309307603,2.5565532697573596
2021-04-02,38.7,99.9,6.6,24.1,15.4,8.8,17.8,69.3,958.0,3.7,28.756551853731327,3.6953060334262906,3.7270751968606173,2.8863930600815846,2.447627347382524
2021-04-03,25.4,89.8,8.5,29.6,19.0,8.7,20.9,57.6,956.0,5.2,28.507053233621747,5.05596075019436,4.512486485926169,4.018947960908204,3.0467406881557286
2021-04-04,56.5,87.2,10.8,18.9,14.8,13.2,13.1,71.8,958.0,2.9,28.25799000642363,2.8652294329759305,2.445265761481308,2.0677453387570366,2.329190867190228
2021-04-05,43.1,89.3,11.5,23.8,17.6,9.6,15.4,66.2,959.0,3.6,28.00945565590975,3.5568787775042354,3.252003170023162,2.6641521161669934,2.757890194160516
2021-04-06,40.8,93.6,8.8,25.0,16.9,9.5,19.4,67.2,960.0,4.0,27.761543643986805,3.9553288919508605,3.623508857802864,3.354119930714546,2.623891955248911
2021-04-07,40.2,84.9,9.7,25.0,17.4,9.3,19.4,62.6,960.0,4.1,27.514347337940727,4.022988674249994,3.5420500538878246,3.493051494164752,2.690831861415734
2021-04-08,43.1,75.3,13.4,22.3,17.8,13.3,19.1,59.2,962.0,4.3,27.267959938015036,4.243370284434409,2.7087661428649943,3.679853767516322,2.7422872568000507
2021-04-09,36.8,78.0,8.6,22.2,15.4,10.1,19.2,57.4,961.0,3.9,27.022474405463075,3.9077392261799764,3.0874994559701694,3.440808315729927,2.3460565861867178
2021-04-10,29.4,83.2,9.9,20.7,15.3,11.9,19.4,56.3,964.0,4.1,26.777983391213038,4.0908912643339,2.718005779418606,3.553291773273394,2.3173686737472754
2021-04-11,16.6,79.8,6.5,28.3,17.4,7.2,20.2,48.2,959.0,4.8,26.534579165282718,4.589506655205667,4.077464740056733,3.8874819717287794,2.626450136405388
2021-04-12,13.5,66.3,7.2,29.3,18.2,7.4,19.9,39.9,959.0,5.0,26.292353547078083,4.867100995804334,4.163598020290034,4.053540637353974,2.744474973046232
2021-04-13,15.1,67.2,8.3,30.9,19.6,8.6,19.4,41.2,957.0,5.7,26.051397836706833,5.36744452807762,4.339922252487299,4.084190697105065,2.9774096271024426
2021-04-14,32.2,85.0,9.3,26.4,17.8,9.9,18.2,58.6,958.0,4.4,25.811802747435102,4.315327193395148,3.5541868417982396,3.3949589456072617,2.6446172200332905
2021-04-15,28.7,94.3,8.6,26.3,17.4,7.5,18.4,61.5,958.0,4.0,25.573658339411256,3.8744377679468434,3.5410271378527556,3.2637585359126944,2.5638482512781766
2021-04-16,25.1,83.8,9.2,26.7,18.0,8.9,18.2,54.4,959.0,4.5,25.33705395477761,4.334537724199995,3.549894426109387,3.4596546049691344,2.6458816199990864
2021-04-17,54.9,100.0,9.9,19.9,14.9,14.5,15.8,77.4,961.0,2.9,25.102078154285927,2.8817385909372724,2.4211611776849353,2.4732906805906643,2.166824875170019
2021-04-18,43.4,94.0,11.0,23.6,17.3,9.5,14.1,68.7,959.0,3.3,24.86881865552847,3.207538408348045,2.8967629898288947,2.3511911269881036,2.5024913793356856
2021-04-19,53.9,94.9,7.8,19.9,13.8,11.5,17.4,74.4,959.0,2.9,24.63736227289156,2.8805327943880323,2.523382422114099,2.6706143962355076,1.9988613940427833
2021-04-20,44.2,91.9,9.6,20.1,14.8,9.9,13.1,68.1,959.0,2.9,24.407794859333336,2.831672437091904,2.4047253650392446,2.05671074007526,2.115174846303346
2021-04-21,21.7,86.1,12.3,22.8,17.6,15.1,17.5,53.9,961.0,4.9,24.180201250082224,4.724336298926884,2.5938705391844934,3.5021591059872,2.504822602262542
2021-04-22,44.3,100.0,6.6,21.3,14.0,9.3,16.0,72.2,959.0,2.9,23.95466520834728,2.9209764173765285,2.7218743691082814,2.432981939075585,1.9883813361438916
2021-04-23,71.0,90.9,11.5,14.3,12.9,6.2,2.6,81.0,962.0,1.1,23.731269373125397,0.8526113999414109,1.134942244206244,0.09214493424710585,1.845404318459821
2021-04-24,33.1,95.0,5.9,22.8,14.4,8.1,17.0,64.0,962.0,3.3,23.51009520918475,3.2565928702960196,2.9014294624516412,2.75800171344813,2.0149660791214394
2021-04-25,22.0,88.9,5.1,24.9,15.0,6.6,17.0,55.4,960.0,3.5,23.29122295929755,3.4478294339831232,3.1710755447789163,2.9142439180923803,2.07982724918425
2021-04-26,25.1,86.6,5.9,25.0,15.4,6.8,16.8,55.8,959.0,3.5,23.074731598788794,3.4279655531941886,3.124393050195226,2.904282810902671,2.120173463224724
2021-04-27,40.9,100.0,6.3,21.2,13.8,10.2,15.5,70.4,961.0,3.0,22.860698792461353,2.9944648596032692,2.5982373079667416,2.389497307047436,1.907405051224452
2021-04-28,24.9,95.1,5.7,24.8,15.2,9.0,16.1,60.0,961.0,3.9,22.64920085395083,3.7449532513548616,3.0477163570066432,2.7461457850489497,2.06994992564378
2021-04-29,38.4,89.8,5.9,22.5,14.2,8.8,15.4,64.1,961.0,3.1,22.44031270755708,3.092216743996466,2.727144895270286,2.4752192994535775,1.933520182896448
2021-04-30,65.8,98.7,9.1,15.7,12.4,6.8,5.3,82.2,963.0,1.3,22.234107852592196,1.2973982035918883,1.6051903880727072,0.48600069872449786,1.7180665338532481
2021-05-01,51.9,95.8,6.1,18.2,12.1,6.3,9.8,73.8,963.0,1.9,22.03065833027782,1.8550212395600756,2.131546671805918,1.2355325710661507,1.6767352279899808
2021-05-02,42.0,82.2,9.7,20.0,14.8,7.9,9.5,62.1,961.0,2.5,21.83003469321745,2.45722161865041,2.130175221211802,1.4417634302771187,1.973960154739117
2021-05-03,46.6,88.3,7.2,19.1,13.2,11.2,12.6,67.4,961.0,2.7,21.63230597746237,2.6590199486447115,2.1542590305827436,1.9208092133074544,1.7762981084899947
2021-05-04,52.9,93.7,5.9,18.3,12.1,7.7,9.3,73.3,964.0,1.93,21.437539677182357,1.9361703972991373,2.099715575351073,1.1814567863581085,1.6492493458613597
2021-05-05,36.6,94.3,5.5,21.3,13.4,6.0,14.7,65.4,965.0,2.51,21.24580172194526,2.4554302880405134,2.4541394197846307,2.208563735466637,1.7791941646671374
2021-05-06,20.2,87.3,4.6,25.6,15.1,6.6,15.2,53.8,960.0,3.41,21.05715645660202,3.3006513425296093,2.9617930884689634,2.6047234576281624,1.9680731172573738
2021-05-07,49.0,75.2,10.6,18.8,14.7,11.3,12.5,62.1,961.0,2.8,20.87166662376649,2.747060267293291,1.811467427970192,2.0596473365890673,1.9093369956865236
2021-05-08,56.7,85.8,8.4,16.5,12.4,5.8,7.8,71.2,964.0,1.59,20.689393348872052,1.5948945767136244,1.6547223798963004,0.9480721525639146,1.6450429752106228
2021-05-09,39.8,90.8,7.5,19.7,13.6,5.6,13.8,65.3,963.0,2.21,20.510396127779657,2.16746354589149,2.095606016541756,2.0603083686497827,1.7640088523573259
2021-05-10,26.2,88.7,4.8,22.4,13.6,6.6,14.4,57.4,961.0,2.86,20.33473281690483,2.7731183387063956,2.4954592219242664,2.308898739952005,1.7550128388390083
2021-05-11,18.5,83.7,3.5,24.1,13.8,4.9,14.5,51.1,961.0,2.71,20.162459625823697,2.6424025018807122,2.694469672031132,2.38404250524715,1.768144766449572
2021-05-12,12.5,68.9,3.3,25.1,14.2,6.6,14.4,40.7,958.0,3.64,19.99363111231122,3.36388933033098,2.7844869458026382,2.5700038503283347,1.803908607689094
2021-05-13,37.4,72.0,5.8,18.5,12.2,5.9,4.7,54.7,961.0,1.99,19.82830017975773,1.9765163931613388,1.9722118866458447,0.53032757903264,1.5841590909451821
2021-05-14,32.4,77.0,7.2,22.7,15.0,9.5,15.2,54.7,960.0,1.815,19.666518076902783,3.2684903946349144,2.3690543551325667,2.6643958158092174,1.8780379011697974
2021-05-15,46.2,79.2,9.1,18.6,13.8,4.7,5.1,62.7,961.0,1.64,19.508334399818875,1.6128784857673268,1.7704276057732127,0.5837018957344864,1.7340853826486395
2021-05-16,31.5,90.9,4.5,22.0,13.2,4.9,9.8,61.2,961.0,2.21,19.3537970960708,2.102041630798108,2.337258954211985,1.3931714411620881,1.6624862980728852
2021-05-17,19.0,93.3,6.2,26.9,16.6,9.3,13.0,56.2,959.0,4.24,19.202952470969972,3.863751204944678,2.807924236761159,2.296886110181538,2.046708391153131
2021-05-18,71.1,100.0,8.2,13.1,10.6,6.8,2.5,85.6,960.0,0.91,19.055845195836937,0.7284950773005912,1.1128239336437504,0.044284434657019756,1.400373189790365
2021-05-19,56.2,87.9,8.1,16.3,12.2,6.8,6.8,72.1,962.0,1.57,18.912518318179348,1.5489120390280826,1.5115499885857218,0.7870420599488133,1.5408510847386367
2021-05-20,62.1,95.3,6.2,14.4,10.3,7.7,5.7,78.7,961.0,1.32,18.77301327368691,1.3033455249962227,1.402829448614502,0.533074677666399,1.3624358737066151
2021-05-21,54.3,99.5,6.4,14.0,10.2,6.6,13.0,76.9,967.0,1.47,18.63736989993936,1.49500504219355,1.3358746056135409,1.5971912103336459,1.3482526823274315
2021-05-22,41.2,100.0,0.9,15.9,8.4,5.0,13.0,70.6,966.0,1.59,18.50562645171855,1.5813120795187854,1.740694058359351,1.5638157455838406,1.1998464396860575
2021-05-23,22.2,98.9,-0.4,19.6,9.6,3.3,13.5,60.6,963.0,1.68,18.377819617810847,1.663201192087338,2.0899094807618304,1.8023857638235488,1.288114412418064
2021-05-24,25.5,87.2,4.5,20.6,12.6,5.9,12.9,56.4,963.0,2.34,18.25398453918164,2.2694816165180525,2.072311836790568,1.9782611122970726,1.5476999125206692
2021-05-25,24.4,88.3,3.2,22.4,12.8,5.8,13.0,56.4,963.0,2.53,18.134154828399794,2.4044414163050107,2.263410152740517,2.004736061289412,1.5612202760662386
2021-05-26,23.3,85.4,3.0,23.4,13.2,2.9,12.5,54.4,963.0,1.78,18.018362590186193,1.7088804441249674,2.349373307316016,1.8983966522717053,1.5948437483182942
2021-05-27,27.2,86.0,2.4,21.2,11.8,7.8,12.3,56.6,961.0,2.78,17.906638442957483,2.6526223352484233,2.137291702208676,1.8684592788827803,1.4560054993539893
2021-05-28,44.5,99.5,6.7,19.2,13.0,8.3,11.8,72.0,963.0,2.08,17.799011541233167,2.0346346781145304,1.804589868027333,1.6508927773041406,1.563979182882893
2021-05-29,66.6,99.1,6.2,15.4,10.8,5.6,4.3,82.8,964.0,1.02,17.69550959877231,1.0431494449759073,1.4262239190486623,0.3022051294870504,1.3585096434585957
2021-05-30,32.7,100.0,2.6,19.8,11.2,6.5,11.4,66.4,966.0,2.13,17.596158912304027,2.072246217328616,1.9670278367288063,1.539854618976878,1.388416778555569
2021-05-31,27.2,74.0,8.9,22.7,15.8,7.0,11.5,50.6,967.0,2.76,17.50098438571509,2.622928646286985,2.0393040431855987,1.9700615052627606,1.8451552327201997
2021-06-01,43.4,75.4,12.0,19.2,15.6,8.7,4.4,59.4,964.0,2.33,17.41000955455702,2.2284970218915845,1.4563614564656726,0.5392763438791375,1.8168217868543843
2021-06-02,38.9,89.0,9.3,23.1,16.2,7.8,11.2,64.0,961.0,2.58,17.323256610735168,2.4316266410967744,2.0434084725985646,1.788968132500621,1.8808849611090233
2021-06-03,36.8,88.8,7.8,23.5,15.6,6.6,11.2,62.8,959.0,2.4,17.240746427242645,2.30140602992495,2.129657722534721,1.7564530751314391,1.8067448803089747
2021-06-04,71.7,89.9,8.9,16.2,12.6,10.0,6.2,80.8,960.0,1.35,17.162498582803057,1.3372078070459672,1.3119776468878885,0.6647111634207059,1.4939808258727478
2021-06-05,51.2,92.1,11.2,18.7,15.0,8.5,8.8,71.6,962.0,1.88,17.088531386287734,1.8433830695178368,1.4319144528142804,1.2302615301469344,1.731515221045231
2021-06-06,53.7,86.1,9.2,16.8,13.0,8.8,7.6,69.9,961.0,1.82,17.018861900775242,1.7456101052199173,1.3454418548608327,0.9822576912872483,1.524530928930846
2021-06-07,34.1,81.3,8.2,20.8,14.5,7.6,10.1,57.7,962.0,2.48,16.953505967123995,2.3338089089015277,1.8123717688247287,1.5813388391392442,1.6707388327725263
2021-06-08,31.0,84.2,3.1,21.0,12.0,5.5,11.6,57.6,962.0,2.09,16.892478226932162,2.0149237877032506,1.9810624897830396,1.6987602766736283,1.4261610732076222
2021-06-09,49.3,94.0,4.9,17.9,11.4,6.9,8.3,71.6,967.0,1.66,16.835792144763012,1.6279235057351502,1.6477881408102826,1.0038009781008996,1.3710810802970477
2021-06-10,43.8,97.1,6.6,18.9,12.8,5.8,10.2,70.4,969.0,1.69,16.783460029518697,1.6418580649804224,1.6766768970059904,1.3537710675494052,1.4938511042976852
2021-06-11,19.4,91.8,2.7,23.2,13.0,5.1,11.9,55.6,963.0,2.36,16.735493054850483,2.1980101185829977,2.172916641060164,1.8147107574151315,1.5102292615766657
2021-06-12,17.6,71.6,4.2,24.4,14.3,7.2,11.9,44.6,959.0,3.28,16.6919012784992,2.9705859328548674,2.2449329176179633,2.050311738322755,1.6356873602599178
2021-06-13,43.7,100.0,2.4,18.3,10.4,7.5,11.4,71.8,961.0,1.87,16.6526936604661,1.8101040758631621,1.739126637840733,1.457195967717605,1.2801966320478615
2021-06-14,31.2,100.0,2.7,20.4,11.5,7.7,10.6,65.6,960.0,2.44,16.617878079920875,2.2555375930177193,1.9045157049253636,1.4570503330724653,1.3697309670748667
2021-06-15,65.3,100.0,6.7,12.8,9.8,9.6,5.2,82.6,962.0,1.13,16.587461350761064,1.123934342820095,1.0495535671359892,0.43864551272125335,1.230433018639667
2021-06-16,40.7,93.9,6.7,17.6,12.2,6.8,10.4,67.3,964.0,1.8,16.561449235744576,1.7391494862040844,1.5260818006079473,1.4171259145200559,1.428350138929268
2021-06-17,49.3,96.1,2.1,17.0,9.6,5.8,10.9,72.7,961.0,1.47,16.53984645912528,1.451327454993977,1.6234656408862242,1.307806717274851,1.2132791666611853
2021-06-18,57.1,100.0,0.2,15.2,7.7,6.3,9.5,78.6,963.0,1.28,16.522656717730005,1.2536752203558648,1.511639522547544,0.974317411320287,1.0768466014160607
2021-06-19,57.0,91.3,5.0,14.6,9.8,4.6,6.7,74.2,964.0,1.12,16.50988269042417,1.1141394055922533,1.3105070798317606,0.6700885191084414,1.2274037335313466
2021-06-20,61.4,95.6,2.6,12.2,7.4,5.4,5.0,78.5,964.0,0.98,16.50152604592202,0.9851128792467276,1.1932156391429813,0.3592738758544784,1.0561916929991146
2021-06-21,29.8,94.4,1.8,17.2,9.5,4.4,10.2,62.1,964.0,1.54,16.497587448907208,1.5035639601829212,1.6400987823366366,1.286224694357263,1.2042329432366847
2021-06-22,32.6,79.3,3.0,16.4,9.7,8.1,9.4,56.0,958.0,2.15,16.49806656443842,2.081360662630864,1.5414429322284904,1.2811994683903156,1.219475128321774
2021-06-23,80.3,96.2,5.9,10.2,8.0,7.3,2.0,88.2,964.0,0.7,16.502962060624665,0.5185201599911095,0.818129959902243,-0.04899250806481725,1.0968065777084044
2021-06-24,76.1,100.0,2.6,11.0,6.8,5.2,4.1,88.0,967.0,0.71,16.512271609564174,0.7226836295562049,1.0896639775218306,0.18675575420891666,1.0179486707024101
2021-06-25,82.8,95.2,7.4,9.9,8.6,10.2,1.8,89.0,964.0,0.72,16.525991886550948,0.5334340111443869,0.639581452697782,-0.06558115561365802,1.1397741515472453
2021-06-26,60.1,92.3,3.6,10.4,7.0,9.0,11.3,76.2,968.0,1.22,16.544118567562066,1.221025665315383,0.9904745608563239,1.2480957725624553,1.0320264014432219
2021-06-27,39.7,100.0,-1.6,12.6,5.5,3.4,9.5,69.8,967.0,1.07,16.56664632504884,1.0431658081943436,1.3446511354523656,0.9347130117526823,0.9404669336699121
2021-06-28,15.3,96.9,-2.8,19.4,8.3,3.3,13.2,56.1,966.0,1.6,16.59356882206411,1.6011457553490207,1.8914166423891945,1.7306433958399496,1.1214474676685773
2021-06-29,20.8,89.6,-0.7,19.6,9.5,2.7,10.5,55.2,963.0,1.46,16.62487870476707,1.3409490227611927,1.8975608476220052,1.3709934769854655,1.2101815587543285
2021-06-30,40.4,86.6,3.3,14.5,8.9,7.5,7.0,63.5,961.0,1.74,16.66056759335616,1.6815105740126295,1.3806655221515904,0.7949790402518744,1.167156736047045
2021-07-01,38.8,94.1,1.4,15.2,8.3,6.7,10.3,66.4,964.0,1.69,16.700626071489047,1.627785314191625,1.500870471725744,1.241225241244628,1.1258291786528698
2021-07-02,34.9,95.2,1.7,15.9,8.8,6.6,11.1,65.0,967.0,1.76,16.74504367425711,1.7210954955997408,1.5565001392401945,1.3958957076139649,1.1634230534764427
2021-07-03,33.0,88.8,1.1,17.8,9.5,5.1,9.3,60.9,962.0,1.75,16.793808874789697,1.6745726972337982,1.7385878830889439,1.167929341236819,1.2175729398263013
2021-07-04,27.4,99.3,-0.5,19.7,9.6,4.8,11.4,63.4,963.0,1.86,16.846909069571158,1.7934693849439083,1.9253709295907973,1.4712444666499171,1.227521386531952
2021-07-05,21.9,98.0,0.6,20.6,10.6,9.4,12.0,60.0,961.0,3.12,16.9043305625604,2.862906587366821,1.9944041811607867,1.7429856575966929,1.309345579841874
2021-07-06,52.4,97.0,4.2,12.3,8.2,8.1,6.7,74.7,966.0,1.35,16.966058548209542,1.3241016208013643,1.1635523004954134,0.6547612876621784,1.1294141591814009
2021-07-07,32.8,91.4,0.9,17.6,9.2,8.1,11.5,62.1,963.0,2.28,17.032077093484304,2.1499986504385515,1.74338009503929,1.5381778009627711,1.205036567684078
2021-07-08,28.4,86.4,1.4,20.0,10.7,7.7,12.1,57.4,960.0,2.55,17.102369118994158,2.424251180812767,1.9529039497748184,1.7642320591412102,1.3267177523211255
2021-07-09,58.4,100.0,1.0,13.3,7.2,7.2,7.7,79.2,966.0,1.22,17.1769163793453,1.2167091441749625,1.3944850751087614,0.7199614572030428,1.068805143777079
2021-07-10,34.8,100.0,-0.6,18.0,8.7,4.0,11.4,67.4,962.0,1.51,17.255699442834175,1.4881484592522378,1.8286502274020227,1.3717421977501574,1.1770456724169458
2021-07-11,24.3,88.6,0.8,20.2,10.5,7.5,10.4,56.4,957.0,2.71,17.338697670602656,2.504276568550264,2.007447633655274,1.4738318451174213,1.3209545974629637
2021-07-12,68.2,100.0,3.4,9.5,6.4,6.9,2.9,84.1,962.0,0.82,17.425889195379614,0.729070079354347,0.9636542259393858,0.0593133441274018,1.025397209850014
2021-07-13,55.7,100.0,-2.1,12.8,5.4,3.8,11.0,77.8,963.0,1.01,17.51725089993618,1.051629008838474,1.4500426893291438,1.0508883279848256,0.9662636248510581
2021-07-14,50.2,100.0,-2.6,13.8,5.6,4.6,10.9,75.1,966.0,1.22,17.61275839538386,1.2219494717551063,1.543054631218243,1.0843759771228738,0.9815780472235579
2021-07-15,30.1,99.6,-2.6,17.3,7.4,6.0,12.0,64.8,964.0,1.99,17.712385999446482,1.903010908351864,1.8440080703366404,1.4554921641493295,1.1021380649743577
2021-07-16,32.9,87.3,0.1,14.6,7.4,7.1,12.1,60.1,967.0,1.94,17.816106714837606,1.870875127214594,1.5832737727298112,1.5379401585902228,1.1059625310175905
2021-07-17,22.1,97.1,-2.1,17.9,7.9,2.6,12.7,59.6,967.0,1.37,17.923892207875394,1.3620400420399013,1.9087348281628216,1.579849394194033,1.1451615193968472
2021-07-18,8.7,83.1,-2.5,23.6,10.6,3.7,13.6,45.9,962.0,2.27,18.035712787466803,2.1225330611328967,2.43082540054356,2.0572505299750823,1.360685040265031
2021-07-19,12.4,66.6,-0.2,22.6,11.2,6.3,13.2,39.5,961.0,3.17,18.151537384592192,2.8765655943669346,2.3361958331820687,2.1505126299031754,1.418061832739766
2021-07-20,7.5,62.9,0.9,26.3,13.6,4.4,13.1,35.2,958.0,2.85,18.271333532419877,2.6173310853158984,2.6936599981432794,2.275039699871164,1.6540075566453019
2021-07-21,14.6,78.6,2.9,24.4,13.6,6.7,12.2,46.6,960.0,3.38,18.395067347178884,3.069955911322668,2.4950329492172574,2.03808714831773,1.6606612375303214
2021-07-22,16.5,87.5,1.6,24.6,13.1,5.5,12.5,52.0,961.0,2.88,18.52270350991539,2.7051151392155615,2.5559078349755184,1.9795193471947135,1.6162073645635604
2021-07-23,29.6,93.9,1.5,20.0,10.8,10.3,12.4,61.8,959.0,3.09,18.65420524925575,2.8885131688292205,2.132030155549197,1.8188560756080363,1.4057170689089993
2021-07-24,66.8,92.2,4.0,10.7,7.4,6.0,2.5,79.5,963.0,0.94,18.78953432529608,0.7557841725171998,1.135043822328309,0.029024140457037217,1.141517816571253
2021-07-25,42.5,92.2,4.2,15.8,10.0,9.5,12.0,67.4,964.0,2.12,18.92865101473438,2.087796920320115,1.6638988078835906,1.6193960973256154,1.3488645253203415
2021-07-26,50.0,94.4,5.7,14.5,10.1,6.9,10.9,72.2,969.0,1.61,19.071514097357554,1.6143109450446311,1.4655666018147382,1.346708084218676,1.363435622352747
2021-07-27,35.6,100.0,-2.0,16.5,7.2,6.1,13.3,67.8,967.0,1.92,19.218080843991167,1.905055114225887,1.913427421124251,1.5956844659866398,1.1426379605342454
2021-07-28,8.8,92.3,-1.3,22.0,10.4,4.5,14.3,50.6,963.0,2.62,19.368307006015147,2.399189311606002,2.4485995933218963,2.1295225516033502,1.4021487903436554
2021-07-29,10.6,64.5,-1.2,22.7,10.8,5.3,14.6,37.6,960.0,2.99,19.522146806543805,2.7707610135317333,2.536046736079931,2.3777879060768927,1.4444863541336967
2021-07-30,14.2,88.8,-1.2,22.3,10.6,7.0,14.1,51.5,962.0,3.25,19.67955293336311,3.087320158472647,2.516803798629681,2.1569084394752656,1.4334446300170243
2021-07-31,17.7,98.4,-0.4,22.1,10.9,5.2,14.0,58.0,965.0,2.7,19.84047653371267,2.5161258334132963,2.5097552547771325,2.0312520228253663,1.467753238897387
2021-08-01,12.1,63.7,1.2,26.3,13.8,6.4,14.7,37.9,964.0,3.81,20.00486721099456,3.5026970620432984,2.9509966226279922,2.623493045716266,1.7681933128525265
2021-08-02,9.2,59.5,1.6,26.9,14.2,5.7,14.8,34.4,962.0,3.68,20.172673023484183,3.3936651594127882,3.026557812557779,2.69141301317168,1.8221260988130028
2021-08-03,19.8,78.9,1.8,23.2,12.5,6.3,14.6,49.4,961.0,3.17,20.34384048511363,2.9712393782197433,2.653700307828821,2.3792304701593285,1.6468546089568847
2021-08-04,35.7,87.6,2.1,19.6,10.9,9.5,14.6,61.6,960.0,2.87,20.518314568390394,2.805775539530263,2.2890154409660957,2.184770002083542,1.4978714258779429
2021-08-05,51.9,100.0,4.7,15.4,10.0,9.7,10.3,76.0,964.0,1.86,20.696038709508702,1.848303460390116,1.747259331451904,1.2521631932232358,1.4233808666540242
2021-08-06,44.8,94.9,2.9,18.2,10.5,8.9,13.5,69.8,962.0,2.37,20.87695481570386,2.3263149271074623,2.146543790799803,1.8428256507285312,1.4763667095569328
2021-08-07,73.6,96.7,6.9,9.7,8.3,5.5,1.8,85.2,963.0,0.76,21.061003274893388,0.5031064849851529,0.8525679239659046,-0.0696003250059288,1.2936142452498918
2021-08-08,53.5,87.8,6.8,12.9,9.8,7.7,7.2,70.6,967.0,1.61,21.24812296764207,1.589718257773789,1.3444518593925563,0.8006066323955194,1.4284644095970842
2021-08-09,43.4,100.0,2.2,15.3,8.8,6.5,13.9,71.7,967.0,1.9,21.43825128148121,1.9160112324044274,1.914007838226279,1.727863920543644,1.3492670852053814
2021-08-10,26.1,92.6,0.6,19.0,9.8,4.7,15.1,59.4,965.0,2.26,21.631324127605538,2.245184429743965,2.377123710805367,2.1113826056786054,1.4442238921035766
2021-08-11,24.7,87.1,-0.1,19.6,9.8,8.5,15.3,55.9,962.0,3.16,21.827275959964467,3.051505231875546,2.4819465234028106,2.2869495758006186,1.4522718988766083
2021-08-12,62.5,100.0,2.1,10.9,6.5,10.6,11.0,81.2,964.0,1.42,22.026039796757352,1.4538319549663345,1.469167380866826,1.1498578631916099,1.1882484790774426
2021-08-13,37.2,100.0,0.0,16.2,8.1,5.7,12.1,68.6,966.0,1.97,22.227547244335817,1.9610935416022632,2.147319101940772,1.45554433949982,1.3206490219985834
2021-08-14,23.9,93.9,-1.3,19.1,8.9,7.8,13.8,58.9,963.0,2.97,22.43172852350921,2.8675413944813393,2.5088084261738213,1.9228968218570202,1.3962717583803341
2021-08-15,61.6,90.1,5.9,12.0,9.0,10.3,4.3,75.8,963.0,1.44,22.63851249824231,1.3620675955253123,1.3898481741561735,0.3353072641004709,1.4130848366004312
2021-08-16,37.8,88.4,7.0,17.1,12.0,8.5,9.3,63.1,962.0,2.42,22.847826706728213,2.354306276573234,2.012722375348505,1.2961629291335808,1.7143423341025015
2021-08-17,44.5,87.2,8.6,19.8,14.2,9.4,9.5,65.8,962.0,2.61,23.059597394811977,2.554211012373252,2.301897579459842,1.4023356910755265,1.9784557797300206
2021-08-18,73.5,97.2,9.7,15.0,12.4,11.7,3.5,85.4,962.0,1.23,23.27374955173442,1.0919527516982948,1.5057024813764914,0.22854029998005593,1.7782581488454885
2021-08-19,50.4,99.1,8.2,14.4,11.3,11.4,11.4,74.8,965.0,2.08,23.490206948159138,2.078676150021412,1.5821495215599652,1.520791292268051,1.6698444909610712
2021-08-20,59.3,94.2,5.1,13.0,9.0,4.9,6.7,76.8,964.0,1.29,23.70889217643866,1.3055240080074362,1.6564539360728778,0.6330655563662726,1.4547777721156376
2021-08-21,51.0,93.6,6.4,17.6,12.0,14.1,9.6,72.3,960.0,2.53,23.929726693070485,2.496093690631435,2.2198572183152123,1.3318139019619377,1.7651758013524008
2021-08-22,42.1,89.5,8.5,16.4,12.4,10.3,15.3,65.8,962.0,2.72,24.152630863286493,2.7020094201429083,1.907712231578791,2.3506624872450135,1.8206070184714873
2021-08-23,51.7,85.0,7.4,13.5,10.4,12.6,8.7,68.4,958.0,2.18,24.37752400771404,2.162401722246842,1.5768945869765167,1.1408856999860457,1.6162526925344483
2021-08-24,39.1,98.9,3.0,15.5,9.2,8.7,15.5,69.0,961.0,2.43,24.604324451040966,2.4514015194769936,2.178876852714139,2.0855247659767677,1.5084301694452362
2021-08-25,52.2,82.2,6.6,13.9,10.2,13.0,14.1,67.2,968.0,2.47,24.832949572610648,2.478945981804136,1.7444720272626422,2.039462701097661,1.6153403753698308
2021-08-26,40.4,93.2,3.1,16.3,9.7,7.1,18.2,66.8,966.0,2.53,25.063315858868528,2.5520800219565207,2.3241678695891554,2.5323145851780047,1.5750502758327005
2021-08-27,51.6,84.4,5.4,14.3,9.9,7.5,6.6,68.0,964.0,1.79,25.295338957575712,1.7837261703526583,1.940471838725277,0.7292800823571746,1.6044680848976043
2021-08-28,29.3,86.0,8.5,22.5,15.5,7.8,11.4,57.6,964.0,3.31,25.528933733699994,3.1647227751814127,2.968634772993688,1.8738421923471866,2.2905897908503086
2021-08-29,27.2,94.5,5.7,25.6,15.6,11.1,18.8,60.8,960.0,4.73,25.764014326890564,4.523084150930105,3.582976741935766,3.3416260625594796,2.3188855889759483
2021-08-30,67.9,95.4,7.9,13.7,10.8,10.0,9.4,81.6,962.0,1.6,26.00049421043697,1.6405362277429656,1.663896574832792,1.0878760415504356,1.7282734161126974
2021-08-31,42.8,97.7,8.4,18.0,13.2,7.7,12.7,70.2,962.0,2.45,26.23828625160946,2.4697364659995142,2.346889849434986,1.8255183866073448,2.020138971644985
2021-09-01,45.7,95.8,3.8,18.5,11.2,6.1,9.8,70.8,961.0,2.12,26.47730277327314,2.122746818848675,2.736281764117071,1.2326737417469393,1.7935833814424313
2021-09-02,40.9,100.0,5.9,20.5,13.2,11.8,18.1,70.4,963.0,3.44,26.71745561666433,3.419584412871819,2.9470883035652125,2.8402410007218997,2.0447367412512127
2021-09-03,65.6,98.4,8.8,13.3,11.0,10.9,5.1,82.0,963.0,1.41,26.958656205214787,1.3558540892461841,1.5305394533358694,0.46028048536809935,1.792884056292965
2021-09-04,25.3,85.3,6.4,20.1,13.2,10.0,19.5,55.3,964.0,3.93,27.20081560930477,3.8609274115116374,2.9064565463257934,3.350853827227979,2.069658428784625
2021-09-05,37.8,91.0,4.2,19.1,11.6,11.9,19.9,64.4,962.0,3.57,27.44384461182434,3.5725570522142687,2.89588694444736,3.160639402916851,1.8840842388076193
2021-09-06,50.5,88.5,8.4,14.4,11.4,13.5,12.7,69.5,965.0,2.55,27.687653774418433,2.5538685538105046,1.8410175232540271,1.8527999089561569,1.871984595424812
2021-09-07,43.0,75.4,6.7,13.3,10.0,10.9,13.3,59.2,968.0,2.67,27.932153504289353,2.6829669882417218,1.8520582405988184,1.9629939517486317,1.725564266585617
2021-09-08,26.1,93.3,1.2,18.1,9.6,6.8,20.9,59.7,967.0,3.2,28.1772541214283,3.2249204027175686,2.9455100904951816,3.0780183735480366,1.693175124026563
2021-09-09,15.0,76.0,2.1,23.9,13.0,4.0,21.0,45.5,961.0,3.42,28.422865926145448,3.432206292860548,3.8056052431369025,3.583560514475704,2.106762148365058
2021-09-10,28.6,87.3,5.2,23.2,14.2,11.9,20.4,58.0,958.0,4.63,28.668899266767053,4.561860419849211,3.6280439178039114,3.6269383033350455,2.2846047952428674
2021-09-11,46.5,97.1,8.6,13.7,11.1,14.7,5.3,71.8,958.0,2.16,28.915264607366737,2.0508577084165056,1.7538767718274737,0.5894411316554322,1.8935944186293643
2021-09-12,52.2,88.1,8.8,15.2,12.0,16.5,11.2,70.2,964.0,2.69,29.161872595397362,2.6829242589251097,2.04495467625122,1.6699828623597512,2.0152685538270796
2021-09-13,50.5,91.6,5.0,12.6,8.8,10.1,13.7,71.0,968.0,2.22,29.40863412908996,2.2652791714213905,1.9998635162364085,1.7763594807921248,1.659919090872616
2021-09-14,21.4,94.2,0.5,20.2,10.4,8.8,22.6,57.8,965.0,4.0,29.655460424485437,4.024447203580035,3.447354428821727,3.547724158404201,1.8455456088113384
2021-09-15,18.3,79.3,2.4,21.8,12.1,8.8,22.2,48.8,965.0,4.41,29.902263081965984,4.4061448501151474,3.6633600844339864,3.836273382594273,2.064771791702424
2021-09-16,15.7,81.6,3.8,24.3,14.0,10.2,22.6,48.6,962.0,5.2,30.14895415215326,5.137989764982413,4.045465343256174,4.171680828715739,2.3390669029206252
2021-09-17,34.7,88.6,6.4,21.5,14.0,11.7,22.1,61.6,963.0,4.27,30.39544620104163,4.289352618394608,3.500388915666043,3.8312679310817073,2.353070567350307
2021-09-18,40.1,100.0,7.2,19.1,13.2,12.5,20.4,70.0,961.0,3.62,30.641652374236585,3.6519898011334666,3.051457223651928,3.2745091810210614,2.251678072299867
2021-09-19,49.1,92.0,6.4,16.8,11.6,12.3,18.5,70.6,963.0,3.07,30.887486460169722,3.117093715179711,2.7229693617925177,2.7971074443922053,2.049539357690566
2021-09-20,30.2,81.4,7.3,20.7,14.0,8.3,22.9,55.8,963.0,4.07,31.132862952164356,4.093172837162822,3.377464261092005,3.988935146895951,2.3953709192820436
2021-09-21,39.7,81.8,5.5,19.7,12.6,13.2,22.5,60.8,961.0,4.16,31.377697109228336,4.162894842087766,3.3454129204734637,3.8492111783854854,2.20768374098275
2021-09-22,35.8,81.8,9.6,19.5,14.6,11.9,21.3,58.8,966.0,4.16,31.62190501545315,4.163412498665313,3.006022153641478,3.8052307453964627,2.5164055473146694
2021-09-23,14.8,86.6,5.3,26.5,15.9,8.7,24.2,50.7,962.0,5.45,31.865403637902418,5.373416978540082,4.616358826483327,4.571157212082445,2.7454638870709904
2021-09-24,8.4,88.4,7.1,31.6,19.4,13.1,24.6,48.4,958.0,8.13,32.10811088287576,7.681691255659902,5.538374234410126,5.288884530207047,3.4368267694355534
2021-09-25,42.0,91.3,10.2,21.0,15.6,13.9,20.8,66.6,964.0,4.2,32.34994565043871,4.1914469329135,3.3142811895902566,3.6789305658836637,2.7261114873000145
2021-09-26,31.6,90.1,6.5,23.6,15.0,10.3,24.2,60.8,962.0,4.79,32.590827887113015,4.769230186803644,4.12358687309014,4.290481695530167,2.641064514399479
2021-09-27,25.8,85.8,7.5,25.4,16.4,9.8,24.3,55.8,962.0,5.21,32.83067863662664,5.1982007926163405,4.437342492211719,4.562187792638889,2.899288011317382
2021-09-28,16.1,69.3,7.9,27.3,17.6,10.6,24.7,42.7,961.0,6.22,33.0694200886279,6.135880445846833,4.8219330921537376,5.137642676859211,3.143147660572721
2021-09-29,14.1,54.4,5.8,24.2,15.0,12.0,15.8,34.2,959.0,5.73,33.30697562527277,5.542292592065598,4.371452977967071,3.159053684277237,2.6870926379194224
2021-09-30,24.8,73.1,4.7,19.6,12.2,14.0,25.2,48.9,964.0,5.04,33.54326986560066,5.0374281630135815,3.6138053534165784,4.6360222470305,2.2686149950517787
2021-10-01,27.6,86.2,5.6,22.2,13.9,13.7,24.7,56.9,963.0,5.21,33.7782287076192,5.1901437544938585,4.065376906521027,4.519679351721983,2.5373062027299307
2021-10-02,38.9,75.5,7.1,17.7,12.4,15.0,25.2,57.2,964.0,4.42,34.0117793680248,4.448446975961727,3.111839294702008,4.491789045617071,2.323348095492858
2021-10-03,22.2,74.2,4.0,21.4,12.7,12.5,25.9,48.2,962.0,5.32,34.24385041949199,5.3062285022603355,4.055173651340396,4.7874000282596985,2.3806833952230737
2021-10-04,20.5,71.4,5.3,24.4,14.8,11.1,25.7,46.0,959.0,5.76,34.474371825471195,5.7128346781151755,4.580947719032072,4.990120010940717,2.729823535336099
2021-10-05,27.8,77.4,6.7,22.5,14.6,11.9,25.4,52.6,959.0,5.24,34.703274972440795,5.239841664229372,4.167595444713503,4.77745119856146,2.710970084966838
2021-10-06,17.0,66.2,6.6,25.8,16.2,10.2,26.0,41.6,958.0,6.04,34.93049269956684,5.993231899170471,4.860057793472823,5.277059693860284,3.0127262177400413
2021-10-07,29.7,74.7,7.3,22.2,14.8,14.4,26.0,52.2,957.0,5.53,35.1559593257301,5.510931254766259,4.1260489674827765,5.054009493917314,2.7755602541386186
2021-10-08,47.8,96.0,9.1,16.5,12.8,11.1,13.7,71.9,962.0,2.8,35.37961067388776,2.843184033570463,2.741474655546118,2.0158695982905783,2.4628699461216774
2021-10-09,34.0,89.6,5.9,20.7,13.3,14.0,26.0,61.8,960.0,4.84,35.60138409274407,4.877657973570132,3.966976040575472,4.582251945101118,2.554913965386251
2021-10-10,36.8,78.3,10.0,22.0,16.0,12.0,22.5,57.6,964.0,4.79,35.82121847571167,4.796907959319453,3.9162608078173653,4.20716144112417,3.040966507653368
2021-10-11,18.4,85.0,8.2,27.6,17.9,12.7,27.4,51.7,958.0,6.89,36.03905427715251,6.742476786994448,5.301002779787273,5.634453385017397,3.4428406776110134
2021-10-12,43.7,85.6,10.4,18.7,14.6,14.5,16.6,64.6,961.0,3.8,36.25483352589499,3.809820779967607,3.1556694922083666,2.8680933379969544,2.8161822087523523
2021-10-13,37.5,80.4,10.3,20.9,15.6,13.6,23.6,59.0,962.0,4.84,36.46849983603103,4.853502498062588,3.7014744000880135,4.421446867550303,3.0137348673489397
2021-10-14,42.4,88.0,8.2,15.6,11.9,14.1,13.7,65.2,964.0,3.18,36.67999841500448,3.197796783568459,2.7562726698478617,2.13351031865976,2.404134348453215
2021-10-15,21.4,82.5,4.0,20.3,12.2,12.1,27.9,52.0,965.0,5.22,36.88927606900937,5.270018036253357,4.1568098758232095,4.987460384495607,2.4624590614174355
2021-10-16,23.3,74.4,5.8,23.1,14.4,13.5,28.1,48.8,965.0,6.04,37.09628120572403,6.0091932925349845,4.631990960305686,5.469232154233374,2.8401044709752115
2021-10-17,17.4,75.1,7.0,24.8,15.9,10.6,28.2,46.2,964.0,6.17,37.30096383441399,6.114052383725165,4.951562433656301,5.599129920210987,3.135316083266991
2021-10-18,8.7,67.0,7.6,29.2,18.4,11.3,29.3,37.8,961.0,7.6,37.50327556344407,7.602229716862835,5.905120680433423,6.427862943316899,3.684286603424955
2021-10-19,16.5,88.0,10.1,29.8,20.0,13.3,27.7,52.2,958.0,7.7,37.703169595246365,7.45910715952496,5.929184822092206,5.952528963016272,4.092395746996291
2021-10-20,58.8,90.2,10.5,17.0,13.8,13.7,19.2,74.5,964.0,3.21,37.90060071879835,3.3095476783793565,2.8451092695766826,3.034253065747543,2.7916696867159514
2021-10-21,32.9,88.0,8.8,23.4,16.1,11.4,22.6,60.4,962.0,5.01,38.09552529967108,4.9970708335977125,4.608033739517627,4.143112671378255,3.2392887689045478
2021-10-22,41.0,83.3,11.3,20.9,16.1,17.7,24.1,62.2,962.0,5.05,38.287901267714275,5.079757341731364,3.7554538883852366,4.655230567642431,3.255257009530914
2021-10-23,22.6,76.8,6.9,23.3,15.1,11.9,28.7,49.7,965.0,5.97,38.47768810245105,5.971242828431816,4.7827341150417055,5.572070998814929,3.0729594790130563
2021-10-24,13.6,66.2,9.1,29.0,19.0,11.3,29.6,39.9,963.0,7.6,38.66484681626049,7.464730553841301,5.943813746198894,6.510183139932875,3.9401243204716496
2021-10-25,16.2,57.3,11.0,32.0,21.5,12.3,29.9,36.8,960.0,8.51,38.84933993543248,8.373136973323646,6.567579197600094,7.048990247103452,4.628503706380653
2021-10-26,28.9,66.4,13.5,27.1,20.3,16.4,27.5,47.7,960.0,7.44,39.031131479183365,7.262183644511014,5.141894538702413,6.2545059646987475,4.314381831301962
2021-10-27,34.7,80.8,11.1,26.4,18.8,12.3,28.7,57.8,962.0,6.21,39.21018693672662,6.230064864397344,5.255533013895208,5.788322653229526,3.9466706695831566
2021-10-28,20.8,76.9,11.3,31.7,21.5,12.8,29.2,48.8,961.0,8.09,39.38647324249717,7.955441118710096,6.562573875897123,6.539527901571145,4.693775999148472
2021-10-29,20.4,57.0,13.2,29.8,21.5,14.2,29.3,38.7,960.0,8.23,39.55995874963087,8.151681101054786,5.945958872853821,6.9721856510094735,4.715231112232738
2021-10-30,14.7,62.4,13.5,31.5,22.5,14.7,29.4,38.6,957.0,9.03,39.730613201806584,8.8069186486042,6.382704263089082,7.158270579317275,5.041999975748216
2021-10-31,29.6,79.1,12.0,25.3,18.6,16.3,22.1,54.4,959.0,6.3,39.89840770355873,6.176301628167104,4.9578154059274775,4.635816071823076,3.9689470879192603
2021-11-01,39.5,97.9,8.3,23.9,16.1,14.9,22.1,68.7,961.0,5.03,40.06331468917369,5.027614198297165,5.009269915247014,3.9549693190771533,3.4097560953058985
2021-11-02,24.1,94.7,9.4,29.0,19.2,14.4,29.6,59.4,960.0,7.44,40.225307890283815,7.343010442849264,6.17144950989236,6.090597180178121,4.156699408203876
2021-11-03,29.6,85.2,9.6,22.0,15.8,19.7,25.6,57.4,961.0,5.99,40.3843623022757,5.9664835441368425,4.4607104315059525,5.1745978424144,3.3753241051779437
2021-11-04,33.3,88.9,11.0,21.1,16.0,14.5,21.0,61.1,962.0,4.87,40.54045414963084,4.887619543777958,4.0662111350669665,3.9183831384940575,3.4321933343408864
2021-11-05,24.0,63.8,8.8,25.8,17.3,13.9,30.6,43.9,960.0,7.19,40.69356085031736,7.109792846285366,5.505828630909491,6.568325152351889,3.738163938498671
2021-11-06,22.1,83.6,7.9,24.9,16.4,16.2,31.4,52.8,963.0,7.09,40.8436609793522,7.0788101454989185,5.379794647361572,6.459423582132631,3.548146060579885
2021-11-07,19.2,83.0,8.9,27.2,18.0,14.0,31.2,51.1,961.0,7.48,40.99073423165349,7.427634679539517,5.8728855726578155,6.563673870733964,3.937083508521247
2021-11-08,18.5,72.3,11.3,29.5,20.4,13.1,31.2,45.4,959.0,8.02,41.134761384302024,7.967241256006207,6.285899519003819,7.014104771579846,4.592333347546759
2021-11-09,36.6,83.0,11.6,24.5,18.0,18.9,30.6,59.8,960.0,6.65,41.275724258330115,6.6061134453713475,4.965121201935013,6.401906107029776,3.9680231018964713
2021-11-10,40.1,95.0,9.7,24.4,17.0,15.3,28.2,67.6,961.0,5.67,41.413605680154724,5.742818286204551,5.164417627851009,5.290341942601484,3.7418427547945186
2021-11-11,38.5,78.8,11.3,25.3,18.3,16.4,30.7,58.6,961.0,6.57,41.54838944276988,6.588354667844799,5.251795694373105,6.362394875659934,4.073764554160606
2021-11-12,37.6,83.2,10.6,25.4,18.0,17.4,30.3,60.4,961.0,6.59,41.68006026681149,6.591476492271456,5.370311690477465,6.226207223906931,4.01278156466217
2021-11-13,32.4,70.3,11.4,23.0,17.2,15.9,29.2,51.4,963.0,6.4,41.8086037616045,6.414705416427861,4.658932782836052,6.11740254294332,3.830817769826994
2021-11-14,16.4,67.4,10.1,27.1,18.6,14.7,32.6,41.9,959.0,8.1,41.93400638630005,8.053112256526983,5.891146000415502,7.325008284953004,4.195854998322758
2021-11-15,22.5,67.2,10.6,25.3,18.0,16.7,32.0,44.8,961.0,7.63,42.05625541120595,7.60497560339592,5.4004452263668865,7.131347393420845,4.0553615988795
2021-11-16,22.8,61.9,11.6,28.1,19.8,14.6,31.9,42.4,959.0,8.16,42.17533887941113,8.018749107803988,6.036664572295331,7.30211261811192,4.553540977205701
2021-11-17,19.9,54.2,11.2,28.5,19.8,14.7,32.7,37.0,959.0,8.54,42.29124556879942,8.452172470420178,6.198263283153034,7.676737294717591,4.568531253489873
2021-11-18,18.6,68.0,11.3,28.6,20.0,15.1,31.8,43.3,959.0,8.37,42.40396495454473,8.283727280442431,6.249043272037377,7.30890729062066,4.640853804308632
2021-11-19,29.9,78.5,12.1,27.2,19.6,18.0,32.0,54.2,959.0,7.78,42.51348717217418,7.689014493714349,5.78911133366762,7.094094394557084,4.540438840361891
2021-11-20,24.4,96.0,10.0,29.3,19.6,15.8,32.2,60.2,960.0,7.97,42.619802981281474,7.906601929564443,6.5612530999925305,6.755725441702275,4.554275315693941
2021-11-21,20.3,76.1,12.6,30.6,21.6,15.5,32.4,48.2,958.0,8.83,42.72290372996715,8.70727525978911,6.704317344208405,7.516797126665325,5.175962749546471
2021-11-22,16.7,67.0,14.2,32.3,23.2,14.9,32.5,41.8,956.0,9.51,42.8227813200775,9.343922100176222,7.023110256606365,7.940377886704391,5.7367866734496715
2021-11-23,36.2,74.7,14.0,26.4,20.2,16.8,32.1,55.4,957.0,7.32,42.91942817330846,7.288614241019747,5.384236932569931,7.075387408105966,4.769239386708754
2021-11-24,39.8,88.0,12.2,23.8,18.0,15.3,22.5,63.9,962.0,5.37,43.01283719823492,5.359304998111021,4.906450047231878,4.356713424984557,4.1677942236033605
2021-11-25,16.2,82.7,10.2,31.3,20.8,13.3,32.7,49.4,960.0,8.69,43.103001758321234,8.608961117872337,7.169067831212834,7.2847228487803575,4.977851370305678
2021-11-26,33.0,80.8,13.9,26.3,20.1,17.8,31.5,56.9,958.0,7.35,43.18991564096196,7.320896758333044,5.4033912024597015,6.9252585141000695,4.776795423362348
2021-11-27,36.0,90.5,11.8,23.2,17.5,18.2,28.0,63.2,962.0,6.01,43.27357302759778,6.03851420463915,4.822793550738529,5.61079839902929,4.070233936494124
2021-11-28,19.3,69.1,10.4,28.7,19.6,12.6,32.8,44.2,960.0,8.01,43.35396846494482,7.96167348023263,6.499068297829584,7.286465356352868,4.651961383776435
2021-11-29,19.8,54.6,13.4,27.9,20.6,15.3,32.3,37.2,958.0,8.58,43.43109683737125,8.481818901651886,5.956059574114575,7.728768768649981,4.963118102165748
2021-11-30,30.1,76.7,10.4,24.2,17.3,16.7,32.6,53.4,959.0,6.96,43.504953340449475,6.99690625936319,5.30335605384972,6.864714158310904,4.0468354120431576
2021-12-01,27.6,88.2,9.3,26.0,17.6,15.6,32.9,57.9,960.0,7.21,43.5755334557072,7.1946027388406595,5.895147609227288,6.726135083566288,4.131914741439112
2021-12-02,29.9,75.6,10.4,27.2,18.8,15.8,30.7,52.8,959.0,7.42,43.64283292659655,7.393288464983389,6.1297069863276175,6.6101481123471135,4.462460812443038
2021-12-03,30.9,75.7,12.7,26.0,19.4,16.1,33.0,53.3,960.0,7.42,43.70684773569491,7.415534518993008,5.5546897554183605,7.20708719611266,4.641616017433892
2021-12-04,20.0,57.4,12.4,31.2,21.8,12.3,33.6,38.7,958.0,8.76,43.767574083148226,8.70116746174358,7.056212055991515,7.941330798811587,5.402310102694304
2021-12-05,18.1,55.9,14.3,33.1,23.7,15.0,33.9,37.0,957.0,10.01,43.82500836636291,9.89006914677541,7.418056431753839,8.539370796591719,6.093616262186095
2021-12-06,35.5,81.8,13.7,27.4,20.5,4.3,32.8,58.6,957.0,5.85,43.87914716094881,6.072940577287242,5.833355391079255,6.3351011331155584,4.996845926870656
2021-12-07,30.8,88.2,11.7,27.1,19.4,3.3,32.3,59.5,960.0,5.46,43.92998720291376,5.7470688829556735,6.007668203272438,6.008081581910063,4.6716925468908626
2021-12-08,26.0,79.2,11.2,29.3,20.2,16.0,33.7,52.6,958.0,8.36,43.977525372105916,8.33242698167085,6.66544989734703,7.5021672741166645,4.917914564650035
2021-12-09,28.6,68.7,14.0,28.6,21.3,15.4,33.2,48.7,955.0,8.24,44.02175867689901,8.167423077588719,6.172432695491021,7.651352068769482,5.274561799898087
2021-12-10,47.4,81.5,13.3,23.0,18.2,18.8,32.8,64.4,957.0,6.13,44.06268424011327,6.245055293865662,4.622745775780586,6.713243652442954,4.350556993432805
2021-12-11,51.8,94.9,13.1,20.8,17.0,15.7,22.0,73.4,960.0,4.27,44.100299286162766,4.364868950978014,3.980215098540445,3.90436790521463,4.0404610102910645
2021-12-12,36.2,77.2,13.2,23.1,18.2,16.4,28.8,56.7,959.0,6.3,44.13460112941978,6.316919937291537,4.677782192660547,6.009906040247092,4.359292604921983
2021-12-13,31.0,68.6,11.3,25.2,18.2,14.9,33.4,49.8,960.0,7.22,44.16558716378506,7.259819953236811,5.546699036492648,7.186011702247097,4.362984674232484
2021-12-14,25.4,67.6,11.3,26.5,18.9,10.7,33.2,46.5,961.0,7.16,44.19325485345333,7.165403875914774,5.920748900800802,7.071190395156376,4.561484411541915
2021-12-15,21.0,62.8,12.4,29.5,21.0,0.0,33.6,41.9,959.0,4.97,44.217601724862526,5.236232360516399,6.656336250513126,6.819601961407929,5.204556835046861
2021-12-16,29.7,73.8,12.2,28.0,20.1,0.0,33.8,51.8,959.0,4.99,44.23862535981649,5.37740493417441,6.247458501314886,6.442131783718652,4.922494488022119
2021-12-17,25.6,85.4,10.5,29.4,20.0,0.0,32.8,55.5,960.0,5.105,44.25632338977085,5.2022812121339355,6.816952180417219,6.105474969131605,4.893904157405993
2021-12-18,24.3,65.0,13.6,30.8,22.2,0.0,34.1,44.6,958.0,5.22,44.27069349127301,5.535796541494737,6.898474279420354,6.987053026298676,5.617064720840777
2021-12-19,18.1,70.0,15.5,32.3,23.9,0.0,34.1,44.0,957.0,5.31,44.2817333825483,5.62976853104756,7.120988653394304,7.200977240883211,6.248064925812764
2021-12-20,18.2,67.8,15.5,32.0,23.8,0.0,34.4,43.0,957.0,5.32,44.28944082122604,5.677084321894439,7.040743814736624,7.287993032865688,6.209795538460791
2021-12-21,19.9,73.2,14.4,30.8,22.6,0.0,34.4,46.6,957.0,5.29,44.29381360320019,5.62501925118053,6.809675366172313,7.0344956856916445,5.761095681828853
2021-12-22,28.7,72.5,13.7,29.1,21.4,0.0,34.1,50.6,957.0,5.33,44.2948495626219,5.567842944605198,6.3955410267332535,6.699143569265495,5.344248463378432
2021-12-23,38.3,92.1,12.3,26.9,19.6,0.0,33.0,65.2,961.0,5.11,44.292546573021944,5.380801512894244,5.930670243203072,5.744029562264377,4.77458843299131
2021-12-24,18.9,74.8,14.5,31.5,23.0,0.0,33.8,46.8,959.0,5.25,44.28690254956433,5.51402170679977,7.003378150111075,6.940661232015971,5.903163192487144
2021-12-25,21.9,63.2,15.7,31.9,23.8,0.0,32.3,42.6,958.0,5.17,44.277915452432644,5.349332485713388,6.974627969133605,6.834768149166748,6.203184513241308
2021-12-26,21.4,62.0,16.6,32.1,24.4,0.0,30.1,41.7,958.0,4.85,44.26558329135378,5.076090535110069,6.922759605401777,6.432523767988483,6.436798932784498
2021-12-27,29.3,73.9,15.7,30.4,23.0,0.0,28.9,51.6,958.0,4.68,44.24990413126463,4.956815729238408,6.506970100191919,5.753045822038203,5.893760929415293
2021-12-28,37.2,77.9,15.4,28.9,22.2,0.0,32.3,57.6,958.0,5.16,44.23087609912932,5.495059653266268,6.106114259929164,6.173439292544447,5.6021588263640645
2021-12-29,51.7,89.6,13.5,22.5,18.0,0.0,27.1,70.6,960.0,4.16,44.20849739191575,4.46155134550495,4.44188494691118,4.349135353998462,4.305119392374025
2021-12-30,27.0,69.5,16.3,29.4,22.8,0.0,33.1,48.2,961.0,5.17,44.18276628574145,5.488672825090136,6.102087389936146,6.719440134242365,5.805776089096467
2021-12-31,18.0,64.0,15.8,30.2,23.0,0.0,34.2,41.0,957.0,5.14,44.15368114619974,5.538289183426401,6.4262256722488065,7.215169521865825,5.872602055709453
2022-01-01,20.3,61.1,11.7,28.1,19.9,0.0,34.1,40.7,958.0,4.93,44.12124043987763,5.223953758851768,6.313372532156452,6.827276863170771,4.832621019829858
2022-01-02,21.4,70.4,12.0,29.3,20.6,0.0,34.0,45.9,960.0,5.05,44.08544274707749,5.332541940185132,6.603778420513394,6.7318716015855244,5.042375902791278
2022-01-03,23.2,65.4,14.0,30.6,22.3,0.0,33.6,44.3,961.0,5.17,44.04628677575424,5.413640728648877,6.7602398713392535,6.894658721564317,5.599983698864438
2022-01-04,26.4,72.3,15.4,30.3,22.8,0.0,33.2,49.3,958.0,5.23,44.0037713766795,5.498123421441436,6.481460899606227,6.7102780647709634,5.769287539685102
2022-01-05,30.4,66.4,16.4,30.5,23.4,0.0,32.3,48.4,957.0,5.12,43.957895559843365,5.453364146139743,6.395271366267776,6.6143681874401885,5.98037249959359
2022-01-06,33.3,78.2,14.0,29.0,21.5,0.0,33.0,55.8,957.0,5.12,43.908658512103194,5.455651325402568,6.273469995548816,6.306040187481619,5.301910684568587
2022-01-07,24.2,72.1,14.4,31.6,23.0,0.0,33.8,48.2,957.0,5.27,43.85605961608738,5.591540781071523,6.975922412549414,6.898278267292323,5.8127434171428565
2022-01-08,37.0,75.5,16.3,28.0,22.2,0.0,32.5,56.2,958.0,5.14,43.80009847035968,5.487416029807047,5.629120150259836,6.263762429271914,5.518962519730285
2022-01-09,36.2,86.2,14.2,27.3,20.8,0.0,28.8,61.2,961.0,4.51,43.74077491084773,4.830990261530658,5.732394442821379,5.220322949813381,5.046676535904101
2022-01-10,29.8,74.6,14.8,29.8,22.3,0.0,30.5,52.2,961.0,4.79,43.67808903353629,5.094363208001727,6.372473216699199,5.994328341638836,5.531304422113382
2022-01-11,33.7,67.9,16.7,29.7,23.2,0.0,30.6,50.8,960.0,4.94,43.61204121842225,5.2124662750487705,6.061685751152233,6.150536213152132,5.83878160845374
2022-01-12,36.4,81.9,15.2,29.6,22.4,0.0,31.4,59.2,959.0,5.05,43.542632154725545,5.3539959970599895,6.240483614864628,5.954484290627972,5.541561795619764
2022-01-13,40.4,89.3,13.8,27.6,20.7,0.0,31.2,64.8,960.0,4.9,43.46986286734538,5.213491821539378,5.831407169065069,5.541619143702379,4.97132999202718
2022-01-14,29.4,70.9,15.1,30.9,23.0,0.0,31.6,50.2,958.0,5.0,43.39373474454754,5.2831325526047666,6.615510804034748,6.364191061405044,5.725937770823312
2022-01-15,37.1,80.4,15.9,27.7,21.8,0.0,32.3,58.8,960.0,5.05,43.31424956686332,5.412670430125451,5.532380245428201,6.084974955653159,5.298820673535919
2022-01-16,52.5,88.8,13.9,22.1,18.0,0.0,24.1,70.6,961.0,3.68,43.231409537176255,3.996969335753463,4.14616535733681,3.8330513355550817,4.167733566203544
2022-01-17,32.1,75.5,13.3,23.0,18.2,0.0,22.9,53.8,961.0,3.41,43.145217311967514,3.6975506771113267,4.5264916224159775,4.065172826417579,4.2087757002489585
2022-01-18,24.2,49.8,12.3,26.3,19.3,0.0,32.6,37.0,958.0,4.54,43.05567603368533,4.849749854537116,5.5984543446941535,6.5386050761600805,4.495755492989562
2022-01-19,20.3,48.7,11.3,27.0,19.2,0.0,33.1,34.5,960.0,4.57,42.9627893641986,4.870989887992321,5.899321488977226,6.689495406574311,4.454921224528442
2022-01-20,18.4,52.6,11.8,28.2,20.0,0.0,32.6,35.5,959.0,4.52,42.866561519288965,4.826282587905123,6.150700584529039,6.660184491112992,4.66949055487798
2022-01-21,18.9,53.5,11.8,28.8,20.3,0.0,32.7,36.2,957.0,4.61,42.76699730413018,4.8893233571449795,6.299060642207614,6.704664472731585,4.7434122832820265
2022-01-22,18.4,69.6,10.9,28.2,19.6,0.0,33.4,44.0,960.0,4.72,42.664102149697406,5.05182177354094,6.218453065053138,6.5449447022157035,4.5261921881668465
2022-01-23,19.5,67.9,12.6,30.7,21.6,0.0,33.2,43.7,959.0,4.93,42.557882150043866,5.205885216610561,6.6969467095039334,6.751627275955124,5.112425623270103
2022-01-24,15.3,55.5,15.8,31.7,23.8,0.0,33.0,35.4,957.0,4.86,42.44834410037607,5.210048012888298,6.624234351121926,7.198267973865594,5.8467557862648825
2022-01-25,25.4,68.0,15.2,29.4,22.3,0.0,32.4,46.7,957.0,4.88,42.33549553585344,5.2077641383599715,6.00962786272523,6.572448547792468,5.305644232246345
2022-01-26,32.4,86.1,12.6,28.3,20.4,0.0,32.5,59.2,959.0,4.87,42.21934477103255,5.220879526944806,5.992169272645704,5.963582408574834,4.69537536042595
2022-01-27,38.7,84.1,12.9,27.2,20.0,0.0,31.6,61.4,959.0,4.73,42.099900939870786,5.077852986156174,5.640701347692596,5.670755863404835,4.563358244099067
2022-01-28,40.3,92.6,12.4,26.8,19.6,0.0,31.3,66.4,959.0,4.68,41.97717403619926,5.037647880267272,5.582016843802612,5.392144324089225,4.434721260292275
2022-01-29,43.1,84.9,12.9,25.3,19.1,0.0,30.9,64.0,960.0,4.62,41.85117495456971,4.914486442559248,5.092853157099642,5.353100348967119,4.282544021985746
2022-01-30,29.8,84.8,13.7,28.0,20.8,0.0,30.9,57.3,961.0,4.65,41.7219155313752,4.939458605427826,5.712762956710202,5.756706646470256,4.744839090926816
2022-01-31,28.4,72.0,15.0,29.2,22.1,0.0,31.0,50.2,959.0,4.72,41.58940858614093,4.989470459211994,5.873141279082361,6.144211134454019,5.126878229267057
2022-02-01,31.7,60.3,15.0,27.5,21.2,0.0,29.2,46.0,959.0,4.36,41.453667962876274,4.63167157770785,5.363848827783613,5.799670511103579,4.827683770837239
2022-02-02,33.7,70.0,14.2,28.6,21.4,0.0,30.7,51.8,959.0,4.65,41.31470857137676,4.920735214733221,5.768323883923119,5.960278438323217,4.869145234161766
2022-02-03,37.2,79.5,14.0,26.7,20.4,0.0,27.6,58.4,959.0,4.19,41.17254642836024,4.472890926832503,5.255721531256176,5.043463839320664,4.555808669446116
2022-02-04,32.1,86.3,12.4,28.0,20.2,0.0,30.6,59.2,961.0,4.59,41.027198698319616,4.82350699270412,5.772893650585807,5.573325909533101,4.480891525474996
2022-02-05,27.4,81.0,14.0,30.2,22.1,0.0,30.4,54.2,959.0,4.7,40.87868373397143,4.889605665432981,6.165920797176847,5.893593931248315,5.025005890212582
2022-02-06,22.7,63.0,15.9,32.6,24.2,0.0,30.6,42.8,957.0,4.68,40.72702111617817,4.918895411820611,6.578714043717492,6.495289678785104,5.70571395987683
2022-02-07,24.8,72.8,14.7,30.0,22.4,0.0,30.5,48.8,959.0,4.55,40.57223169322009,4.828928737579783,5.993726681305672,6.113330908775846,5.076884486784994
2022-02-08,24.5,84.1,13.3,31.9,22.6,0.0,30.5,54.3,958.0,4.6,40.414337619291665,4.884000116250874,6.616881363762993,5.961841137477834,5.118527855668454
2022-02-09,25.8,76.5,14.2,29.5,21.8,0.0,29.9,51.2,956.0,4.43,40.25336239209747,4.713270106629065,5.854476974917801,5.860942226259251,4.847565536850273
2022-02-10,49.0,94.6,13.3,24.3,18.8,0.0,27.9,71.8,958.0,4.16,40.08933088942139,4.465390377804103,4.556142414082076,4.520786790294125,4.000935842557735
2022-02-11,34.8,76.4,15.5,28.1,21.8,0.0,28.9,55.6,959.0,4.37,39.92226940454459,4.674443966065335,5.269151883940365,5.51639718625398,4.804356418167837
2022-02-12,18.3,56.4,14.8,31.7,23.2,0.0,29.1,37.4,956.0,4.2,39.75220568038767,4.442816990040184,6.299700621076069,6.206595951304718,5.2198164377572365
2022-02-13,30.6,71.7,14.8,27.7,21.2,0.0,28.2,51.2,958.0,4.15,39.57916894225448,4.429375267770277,5.202595782233687,5.450322485120894,4.585260502620035
2022-02-14,34.0,87.5,13.6,29.3,21.4,0.0,28.7,60.8,959.0,4.3,39.40318992905659,4.616235793888772,5.744403075167865,5.273167744533143,4.62131053514776
2022-02-15,39.6,95.6,12.9,26.4,19.6,0.0,28.1,67.6,960.0,4.14,39.224300922899964,4.444442964155284,5.050318815467764,4.768292385822558,4.110142241713814
2022-02-16,22.0,85.3,13.4,31.5,22.4,0.0,30.0,53.6,960.0,4.39,39.04253577691832,4.699626158735591,6.273351570945385,5.858664611961068,4.872884173261884
2022-02-17,18.8,72.9,14.4,32.3,23.3,0.0,29.6,45.8,957.0,4.34,38.8579299412408,4.563759497738765,6.353622211544922,6.102351185547652,5.130045586350939
2022-02-18,18.4,61.0,13.2,30.4,21.8,0.0,28.8,39.7,957.0,4.02,38.67052048698532,4.242821368451119,5.963269880476521,5.942311523848017,4.648266784858143
2022-02-19,13.8,65.7,11.5,29.2,20.4,0.0,29.1,39.8,960.0,3.91,38.4803461281734,4.097871639414076,5.798936606711675,5.853519219069352,4.237937520489331
2022-02-20,27.9,66.3,13.6,26.9,20.2,0.0,23.8,47.1,958.0,3.47,38.287447241466715,3.6510254442096746,4.974410539580149,4.565188351786935,4.1645679897657
2022-02-21,32.9,77.3,12.4,26.5,19.4,0.0,25.9,55.1,957.0,3.65,38.09186588363036,3.9323719035172426,4.9845539944331305,4.719960614104226,3.941664064095523
2022-02-22,32.9,83.1,11.2,25.5,18.4,0.0,25.6,58.0,959.0,3.55,37.89364580663381,3.8168380262783512,4.8547526910040375,4.491921867627406,3.684184143686078
2022-02-23,28.0,76.1,12.6,24.1,18.4,0.0,27.1,52.0,961.0,3.65,37.69283247030561,3.9169383294885978,4.33052345703916,4.933097011583473,3.665453070073698
2022-02-24,28.0,93.4,10.4,26.8,18.6,4.5,29.4,60.7,961.0,5.11,37.489473052464255,5.249711911468057,5.172973199719481,5.382953339533922,3.692532599311965
2022-02-25,23.6,68.8,11.6,29.6,20.6,12.3,28.0,46.2,960.0,7.37,37.28361645645403,7.19740837882365,5.696767808809303,6.212762264759721,4.16256709028126
2022-02-26,19.8,68.7,12.4,28.9,20.6,14.9,27.7,44.2,961.0,7.84,37.07531331602105,7.658689053368167,5.423767150407901,6.354123036715146,4.1408918478544905
2022-02-27,26.7,66.8,13.6,27.5,20.6,15.0,27.6,46.8,962.0,7.24,36.86461599747188,7.137852317232438,4.949842143700348,6.255051543000401,4.119168009618502
2022-02-28,18.7,59.0,13.6,29.6,21.6,13.3,28.0,38.8,960.0,7.97,36.65157859906388,7.711189835428524,5.422633141334342,6.601488492838688,4.361661263659307
2022-03-01,14.4,55.3,11.8,31.1,21.5,12.2,27.6,34.8,959.0,8.05,36.43625694758412,7.870865740976511,5.905061667769371,6.531679309057051,4.311421116331278
2022-03-02,21.4,56.5,13.3,31.5,22.4,11.9,26.4,39.0,956.0,7.73,36.218708592080816,7.510990659215788,5.835673394032031,6.209531572754039,4.536454977202661
2022-03-03,29.6,74.7,14.5,29.7,22.1,14.6,26.1,52.2,959.0,7.29,35.99899279471923,7.086056792994595,5.259635828094467,5.871400926028604,4.428180728920735
2022-03-04,31.6,75.8,15.0,28.8,21.9,15.5,25.6,53.7,960.0,7.03,35.7771705187413,6.892544532953116,4.954763624087115,5.732661915145627,4.349441333769653
2022-03-05,26.2,60.9,14.9,28.9,21.9,12.6,22.8,43.6,959.0,6.84,35.553304413516585,6.650217858514544,4.959311590888136,5.199773500321196,4.325693751745171
2022-03-06,27.9,51.1,14.1,24.0,19.0,15.0,19.0,39.5,959.0,6.25,35.32745879667938,6.055759819202357,3.830472561509579,4.234806985354846,3.5887900979162786
2022-03-07,13.9,65.9,9.2,29.8,19.5,11.9,26.6,39.9,959.0,7.44,35.0996996333556,7.274762052755992,5.567101881352645,5.918146597245547,3.6822578182252235
2022-03-08,27.2,66.8,13.2,25.3,19.2,15.1,26.0,47.0,961.0,6.59,34.870094512489985,6.488295105055761,4.203447013712432,5.7261304474864465,3.5937864498098793
2022-03-09,23.2,71.6,10.6,28.0,19.3,11.9,25.8,47.4,960.0,6.57,34.63871262029299,6.460964381334154,5.021229564488086,5.511473440232182,3.5961248188189474
2022-03-10,18.6,71.7,12.1,30.0,21.0,11.2,25.4,45.2,959.0,6.93,34.40562471083385,6.797533599229995,5.299049508661224,5.617397626055218,3.9768035684958236
2022-03-11,23.0,59.1,12.8,29.2,21.0,12.5,25.0,41.0,956.0,7.08,34.170903073814536,6.885054032614554,5.037561884983306,5.709066261800738,3.9543723873219023
2022-03-12,31.0,84.6,11.6,27.5,19.6,14.1,24.8,57.8,959.0,6.28,33.93462149956686,6.133215944145956,4.741745823736559,5.129952376631262,3.602536918209961
2022-03-13,17.7,83.9,11.2,31.7,21.4,12.7,24.7,50.8,959.0,7.49,33.69685524132241,7.261665031512207,5.613451833825615,5.417564606227733,4.008545469993316
2022-03-14,24.8,76.2,13.2,30.8,22.0,12.4,24.8,50.5,960.0,7.0,33.45768097481245,6.8124262707166885,5.246431505255737,5.488293773044111,4.13791999705428
2022-03-15,34.3,81.0,13.3,28.9,21.1,13.1,23.4,57.6,959.0,6.13,33.217176755262265,6.025354137241482,4.7888003998744955,4.916997617405709,3.8891225621988825
2022-03-16,48.7,99.9,12.7,24.6,18.6,15.6,19.6,74.3,959.0,4.37,32.97542197185116,4.351399648916498,3.8759022062571886,3.5354157809142,3.3073600741828457
2022-03-17,52.4,90.5,13.4,21.6,17.5,12.7,14.0,71.4,961.0,3.42,32.73249729971636,3.391586236521335,3.0939233994694946,2.368455838604873,3.0697445748130856
2022-03-18,26.5,87.9,11.8,28.5,20.2,10.9,23.3,57.2,961.0,5.82,32.488484649585494,5.741055143886831,4.729846904452525,4.722971377447394,3.6129210687525743
2022-03-19,20.7,55.2,15.1,29.3,22.2,9.6,15.6,38.0,958.0,5.71,32.243467115128574,5.525479328316739,4.565185276855269,3.4658284831175434,4.070101560745432
2022-03-20,21.4,51.4,14.0,27.1,20.6,14.1,18.7,36.4,958.0,6.81,31.997528918126434,6.450819185938343,4.170866819200578,4.312695870770747,3.6612305420760647
2022-03-21,22.6,72.6,8.0,24.7,16.4,11.1,23.7,47.6,960.0,5.49,31.750755351558368,5.417676144239843,4.145041397487094,4.707076368310133,2.799418100306826
2022-03-22,23.8,78.3,9.5,27.5,18.5,12.5,23.2,51.0,957.0,6.17,31.503232720716877,5.985148169610701,4.541129161802949,4.792718737458247,3.17324804629667
2022-03-23,37.1,86.4,9.2,21.0,15.1,15.9,23.0,61.8,962.0,4.67,31.255048282462905,4.664228863826654,3.2953877409120285,4.269396352024301,2.5506100475277114
2022-03-24,15.2,78.5,7.5,27.9,17.7,9.7,23.5,46.8,960.0,5.91,31.006290182738933,5.761087203349447,4.649705116279616,4.7482834558749065,2.982891589414386
2022-03-25,14.2,58.4,9.3,30.2,19.8,10.8,22.9,36.3,956.0,6.83,30.757047392462624,6.561833172178455,4.954664783523369,5.1094655880939985,3.3810571681730672
2022-03-26,39.4,79.4,10.1,23.1,16.6,13.9,22.2,59.4,960.0,4.83,30.507409641926817,4.765789671991447,3.535161147646257,4.239386537970386,2.751701223123161
2022-03-27,24.5,86.4,8.1,27.7,17.9,8.5,18.2,55.4,960.0,4.85,30.257467353835857,4.711597592303587,4.473468567890378,3.417234424460367,2.966808790636978
2022-03-28,24.6,66.1,10.2,27.0,18.6,10.7,21.6,45.3,960.0,5.64,30.00731157511122,5.478159159458762,4.190739802405196,4.49709131346845,3.080962591313127
2022-03-29,24.8,71.3,10.4,25.0,17.7,13.2,22.0,48.0,963.0,5.71,29.757033907602434,5.545475643980303,3.7750837223411327,4.547539347955952,2.895002349322354
2022-03-30,9.8,61.4,7.2,26.4,16.8,10.0,22.3,35.6,960.0,5.9,29.5067264378414,5.686802010855367,4.180274652848794,4.647275495690432,2.7202382601576507
2022-03-31,8.4,48.3,7.8,28.0,17.9,8.7,22.2,28.4,960.0,5.84,29.256481665980825,5.670827500381452,4.391183271246984,4.798176100939726,2.896328187058251
2022-04-01,11.8,49.8,8.8,28.3,18.6,10.6,21.6,30.8,958.0,6.42,29.006392434058565,6.114830499468642,4.364354227583402,4.7810777749663815,3.007652795230548
2022-04-02,18.6,65.5,9.0,26.0,17.5,12.6,20.4,42.0,959.0,5.94,28.756551853731327,5.7267883990932225,3.91367501926668,4.282611132658977,2.7909139579549027
2022-04-03,31.4,91.0,8.0,24.9,16.4,10.1,20.3,61.2,961.0,4.47,28.507053233621747,4.420988648353014,3.7437966740768878,3.650948610544443,2.5897786076767715
2022-04-04,21.4,73.7,9.1,28.3,18.7,9.2,20.4,47.6,959.0,5.36,28.25799000642363,5.162066775185059,4.230912695537927,4.130221661575744,2.9721064384703797
2022-04-05,16.2,67.8,9.7,29.7,19.7,10.2,20.2,42.0,959.0,6.0,28.00945565590975,5.7975940223277584,4.401673286950717,4.323802865533228,3.144692040485941
2022-04-06,18.7,67.6,9.3,28.7,19.0,10.1,20.4,43.2,960.0,5.72,27.761543643986805,5.531903616899608,4.213731275823745,4.28143078529211,2.991900172181438
2022-04-07,17.8,69.1,9.7,28.9,19.3,8.5,20.0,43.4,960.0,5.34,27.514347337940727,5.116419534723971,4.1897059179517075,4.144895496069902,3.0301144405614298
2022-04-08,23.7,67.8,10.6,28.1,19.4,10.1,19.5,45.8,958.0,5.41,27.267959938015036,5.191673129097606,3.975174277317918,4.063105940361097,3.0306961252248605
2022-04-09,32.4,99.2,8.9,22.7,15.8,13.5,17.8,65.8,960.0,4.21,27.022474405463075,4.147500150849369,3.1487966675131993,3.1302052131987628,2.405447291423165
2022-04-10,41.3,82.2,8.1,20.8,14.4,11.6,19.2,61.8,961.0,3.73,26.777983391213038,3.7206031579727528,2.864798000543585,3.316793365218225,2.190615051089275
2022-04-11,36.4,80.5,7.5,21.8,14.6,9.0,19.1,58.4,961.0,3.68,26.534579165282718,3.6549730549339063,3.0315642201429154,3.2998119711339653,2.2047920067057456
2022-04-12,27.5,63.3,11.2,21.3,16.2,12.5,14.7,45.4,961.0,4.52,26.292353547078083,4.339031613387178,2.6532383030278055,2.8638199114149243,2.4219906629342405
2022-04-13,10.9,64.0,6.6,28.0,17.3,7.6,19.6,37.4,958.0,5.0,26.051397836706833,4.784070905549691,3.954671853782701,3.9658628451885356,2.5787471232632146
2022-04-14,27.1,86.2,7.2,23.8,15.5,11.1,18.6,56.6,958.0,4.44,25.811802747435102,4.315686733074292,3.2683793505880074,3.385574333875607,2.2905142061121446
2022-04-15,63.0,91.7,9.5,15.2,12.4,10.5,10.8,77.4,962.0,1.95,25.573658339411256,1.98318088134346,1.715794065342241,1.425583130606174,1.8757514508826312
2022-04-16,32.0,97.3,4.5,23.3,13.9,8.9,16.8,64.6,961.0,3.65,25.33705395477761,3.5660323253666224,3.245225954965673,2.7003732134128433,2.0477759984993584
2022-04-17,32.6,86.2,6.0,23.3,14.6,11.1,18.1,59.4,960.0,4.12,25.102078154285927,4.010707028521486,3.154418264908351,3.159319151742192,2.126575426517852
2022-04-18,25.2,92.6,5.7,22.8,14.2,9.1,15.9,58.9,960.0,3.8,24.86881865552847,3.6699979027033947,3.067456940496662,2.6655563375245084,2.061712168572817
2022-04-19,36.4,79.0,8.3,21.4,14.8,10.1,14.1,57.7,961.0,3.48,24.63736227289156,3.394474711867675,2.7112661229317263,2.4071604138589575,2.127776878103371
2022-04-20,30.2,87.7,6.9,22.8,14.8,7.5,16.9,59.0,965.0,3.4,24.407794859333336,3.3398624754720174,2.9591664671319946,2.838999543028793,2.115174846303346
2022-04-21,50.2,84.5,8.4,19.2,13.8,9.5,7.6,67.4,966.0,2.37,24.180201250082224,2.3497660064917265,2.3397419818554583,1.0346157338658732,1.9752953166033704
2022-04-22,37.9,82.0,11.4,21.8,16.6,9.9,12.6,60.0,963.0,3.37,23.95466520834728,3.239431669713632,2.4827842457130997,2.1735161250968975,2.3392278793412418
2022-04-23,31.4,86.6,8.0,24.0,16.0,9.3,16.3,59.0,959.0,3.78,23.731269373125397,3.66977978411806,2.9958605162449996,2.8660666371404564,2.2399384689722956
2022-04-24,44.6,83.6,8.3,20.3,14.3,10.2,16.2,64.1,959.0,3.07,23.51009520918475,3.0667187285834085,2.437063732928374,2.6663279396540815,2.002411814071932
2022-04-25,39.6,86.6,11.0,22.6,16.8,12.8,16.2,63.1,959.0,3.83,23.29122295929755,3.6967217328959046,2.56480563704833,2.9224518780035855,2.3274769737333187
2022-04-26,39.5,95.8,10.6,19.6,15.1,12.9,8.5,67.6,959.0,2.95,23.074731598788794,2.840789208128264,2.124727587337048,1.2869282848575487,2.080790579116448
2022-04-27,70.3,95.3,10.0,13.3,11.6,10.1,6.2,82.8,964.0,1.33,22.860698792461353,1.3511159566187616,1.135246021468273,0.6247656357977611,1.6623690215001983
2022-04-28,49.1,100.0,4.8,19.2,12.0,6.3,14.3,74.6,963.0,2.18,22.64920085395083,2.1820490770548564,2.3823876046432315,1.9218060890295268,1.6947316614560448
2022-04-29,27.8,98.4,5.1,24.4,14.8,7.1,15.8,63.1,960.0,3.35,22.44031270755708,3.211727741283129,2.997435519258662,2.558698528448421,2.007403850482937
2022-04-30,29.7,91.1,6.8,22.1,14.4,7.5,15.9,60.4,961.0,3.13,22.234107852592196,3.0396493114679974,2.6108366465189525,2.6080320024967567,1.9468244351016923
2022-05-01,34.2,91.4,5.8,20.8,13.3,8.2,15.3,62.8,960.0,2.96,22.03065833027782,2.8854758025236444,2.4713539036742778,2.4087368471441377,1.8073263274803293
2022-05-02,29.6,89.9,6.2,21.5,13.8,7.2,15.5,59.8,963.0,2.96,21.83003469321745,2.8942885131065927,2.514179726621806,2.496421017794914,1.8543639548352366
2022-05-03,17.2,84.8,6.0,26.6,16.3,6.2,15.4,51.0,961.0,3.57,21.63230597746237,3.408896558215387,3.1270846253165128,2.7490099792184313,2.156057849095194
2022-05-04,24.8,86.2,7.4,25.8,16.6,9.8,14.6,55.5,959.0,4.17,21.437539677182357,3.9297539396192187,2.955398567480559,2.6412296965349045,2.184900396740681
2022-05-05,74.0,100.0,8.5,14.6,11.6,10.3,7.8,87.0,963.0,1.25,21.24580172194526,1.2866751618176382,1.4344372634262164,0.8229794841708746,1.5898831855375053
2022-05-06,28.2,100.0,6.6,23.5,15.0,7.2,13.1,64.1,962.0,3.04,21.05715645660202,2.8934256846043196,2.6486512415803474,2.0662188386171163,1.955811019246457
2022-05-07,31.5,92.6,5.4,22.6,14.0,10.8,14.6,62.0,960.0,3.56,20.87166662376649,3.404837934294189,2.5653147360347686,2.4037058615335987,1.8276044381735805
2022-05-08,71.7,95.8,9.4,12.2,10.8,7.1,2.1,83.8,966.0,3.015,20.689393348872052,0.7006705945827367,0.9199357578000827,-0.0044941451758018225,1.4884964382477732
2022-05-09,37.1,92.6,5.4,20.0,12.7,7.3,13.7,64.8,964.0,2.47,20.510396127779657,2.4492433201736494,2.2248601481833363,2.0379596633004082,1.6675224732282283
2022-05-10,31.4,88.6,6.4,23.2,14.8,8.3,14.0,60.0,961.0,3.15,20.33473281690483,3.0454746393207337,2.534167994304792,2.308833093857883,1.891700523583611
2022-05-11,37.5,84.0,9.2,21.6,15.4,6.9,7.0,60.8,960.0,2.39,20.162459625823697,2.3247082679720106,2.199716308887255,0.998541931558766,1.954102174827725
2022-05-12,44.6,85.4,10.6,17.2,13.9,7.7,5.9,65.0,960.0,1.97,19.99363111231122,1.9436449519430652,1.5173072838110644,0.7397389540867534,1.7704004420267967
2022-05-13,37.8,89.0,7.0,21.0,14.0,9.4,13.3,63.4,961.0,2.85,19.82830017975773,2.7692199712107928,2.1987143254975843,2.109782496611694,1.772788489212924
2022-05-14,41.4,89.2,6.1,19.2,12.6,5.8,7.1,65.3,960.0,1.91,19.666518076902783,1.8675785784329624,2.013945040607667,0.8898454243236609,1.6164422015654192
2022-05-15,19.9,90.8,3.6,24.0,13.8,6.9,14.4,55.4,960.0,3.2,19.508334399818875,3.034965752497795,2.594367252917283,2.3584224348995497,1.7340853826486395
2022-05-16,37.0,87.2,4.0,19.2,11.6,8.0,13.6,62.1,963.0,2.49,19.3537970960708,2.424291920806122,2.062678276265658,2.0134299679841554,1.50427980946843
2022-05-17,34.1,99.6,0.5,20.4,10.4,8.1,13.8,66.8,961.0,2.68,19.202952470969972,2.5452995379367347,2.2435858755315903,1.91375527599203,1.3892066653312705
2022-05-18,35.6,100.0,1.1,19.3,10.2,10.7,12.8,67.8,961.0,2.82,19.055845195836937,2.6872839362756746,2.1136748664490215,1.7783733645339799,1.3657978525412766
2022-05-19,42.5,93.7,5.5,17.3,11.4,7.8,12.3,68.1,964.0,2.07,18.912518318179348,2.028726330050109,1.763544840975344,1.6989746789346516,1.4657028905772345
2022-05-20,46.5,88.6,9.8,19.0,14.4,7.2,10.6,67.6,966.0,2.07,18.77301327368691,2.0126988058446202,1.7093940086962265,1.5443843116825258,1.760370294069964
2022-05-21,37.2,100.0,4.5,19.9,12.2,7.3,11.9,68.6,966.0,2.25,18.63736989993936,2.1954149364596915,2.0413205691861624,1.6553210289392335,1.527770441322528
2022-05-22,53.4,77.2,8.6,15.9,12.2,7.8,5.2,65.3,966.0,1.79,18.50562645171855,1.7326531577547675,1.3955051640437304,0.5773096820873354,1.521495270154253
2022-05-23,32.2,74.4,10.6,18.6,14.6,9.3,5.4,53.3,963.0,2.74,18.377819617810847,2.586825206120507,1.5704551128694533,0.7485211842601407,1.7606436514658008
2022-05-24,45.7,80.4,9.3,19.1,14.2,5.6,7.2,63.0,963.0,1.79,18.25398453918164,1.7704015268947235,1.7044959771670711,0.9665551789466953,1.7104729332260673
2022-05-25,44.5,91.3,6.6,20.1,13.4,7.9,11.9,67.9,963.0,2.22,18.134154828399794,2.1598902771563266,1.9362515011532768,1.7356047194596707,1.6208776206993678
2022-05-26,63.4,100.0,3.4,15.9,9.6,8.9,8.6,81.7,962.0,1.42,18.018362590186193,1.4109310429755035,1.6199023014238587,0.9164266976235911,1.273508599419156
2022-05-27,68.0,99.9,3.4,12.6,8.0,4.3,3.7,84.0,962.0,0.83,17.906638442957483,0.8077514639782033,1.2984766557157557,0.16931988421343952,1.148201410041906
2022-05-28,62.3,92.2,5.6,11.8,8.7,6.5,2.7,77.2,961.0,1.06,17.799011541233167,0.9074180333771364,1.08901367655643,0.07798979464462497,1.1954029579604042
2022-05-29,34.6,99.8,-0.4,14.9,7.2,7.5,11.2,67.2,962.0,1.88,17.69550959877231,1.825352388450044,1.602230160894998,1.3281677860113112,1.0847919836427073
2022-05-30,28.9,88.9,-2.1,15.6,6.8,6.1,12.1,58.9,962.0,1.91,17.596158912304027,1.841895207904,1.685584915276077,1.5050256641187072,1.0546026804086244
2022-05-31,28.7,81.9,-2.5,13.8,5.6,7.4,12.0,55.3,961.0,1.95,17.50098438571509,1.9288037118669024,1.5285803774419164,1.4822650382757645,0.9753717592966871
2022-06-01,43.6,82.2,-1.9,12.1,5.1,7.0,11.6,62.9,963.0,1.56,17.41000955455702,1.527525914329746,1.3785058721780443,1.3151019046665493,0.9425547262311419
2022-06-02,61.1,95.6,4.8,12.3,8.6,5.3,8.0,78.4,963.0,1.07,17.323256610735168,1.0765846652827549,1.1612306544526116,0.7925027545799808,1.169694250243492
2022-06-03,49.0,96.8,7.2,13.7,10.4,9.1,0.8,72.9,960.0,1.5,17.240746427242645,1.0930574749905404,1.151226809433528,-0.1757653407808364,1.305422597076006
2022-06-04,63.0,97.1,7.8,14.8,11.3,11.3,4.1,80.0,959.0,1.41,17.162498582803057,1.3795536140595068,1.2282714889234159,0.32968864004390236,1.3773953008866417
